code,std_1y,var_1y,std_3y,var_3y,risk_std_1y,risk_std_3y,risk_var_3y
K55101D21336,0.17160226860517908,0.09786071601297743,0.17160226860517908,0.09786071601297743,4등급,4등급,4등급
K55101DN0982,0.08329596026338432,0.1807903673921318,0.07429787788432521,0.1684767428748048,4등급,4등급,4등급
K55102BJ9543,0.13486423075140114,0.32808831272227595,0.1505105182957403,0.32159983357461236,4등급,4등급,3등급
K55102C60433,0.16348819591280578,0.4363080310223856,0.18390543512320595,0.3383224524210039,4등급,4등급,3등급
K55102C60441,0.16342860008513788,0.4392351782112097,0.18414759680384346,0.340434696726863,4등급,4등급,3등급
K55102C60458,0.16335028465307402,0.43850020627556524,0.18406245098911553,0.3399854388080242,4등급,4등급,3등급
K55102C60466,0.16351521001507768,0.4401199365782971,0.18423795916315916,0.34106717675253195,4등급,4등급,3등급
K55102C60474,0.1634011994874245,0.43901002933396244,0.1841006760199224,0.34026173460994324,4등급,4등급,3등급
K55102C60482,0.16335885475551104,0.43871632127350324,0.18408705313376922,0.34007281960866387,4등급,4등급,3등급
K55102C60490,0.08384041147122012,0.17068436645857937,0.11959602639846288,0.28978661960641666,4등급,4등급,3등급
K55102C60508,0.16334274481229505,0.4384092389054742,0.18402592816473545,0.3398558956394499,4등급,4등급,3등급
K55102C74251,0.14027795554118308,0.30524304108606004,0.18514508514232034,0.3084479609680389,4등급,4등급,3등급
K55102C79946,0.1614199555978485,0.31577596887966797,0.23324180832416297,0.42326528509361766,4등급,3등급,2등급
K55102C79953,0.16164618745789608,0.3172965202321324,0.23348436522959237,0.4248689376572597,4등급,3등급,2등급
K55102C79961,0.16160539464325135,0.3169539507397048,0.2334292379305995,0.42447955513782853,4등급,3등급,2등급
K55102C79979,0.16180507287953452,0.3183516140692913,0.23363242514318433,0.4258190985258326,4등급,3등급,2등급
K55102C79987,0.16166934742530387,0.31753739005748277,0.23348923485153764,0.4249303058823242,4등급,3등급,2등급
K55102C79995,0.16156747073080727,0.31671707210217853,0.23338880848184473,0.4241871269381314,4등급,3등급,2등급
K55102C80001,0.16167709084020057,0.31752068920613397,0.233504692785509,0.42501134809931845,4등급,3등급,2등급
K55102C80019,0.16165985620588533,0.317360747997924,0.23412405130203107,0.4249081196954854,4등급,3등급,2등급
K55102C80027,0.1616220884845373,0.31714119383362005,0.23348128357123657,0.4246299401311343,4등급,3등급,2등급
K55102C80035,0.13406638733685247,0.28781213951721274,0.2141081228563809,0.3917342989971563,4등급,3등급,3등급
K55102C80050,0.16160884310094192,0.3170441969839067,0.23343886337706188,0.42455720990695156,4등급,3등급,2등급
K55102C80068,0.13708119566602261,0.3181787979929579,0.13708119566602261,0.3181787979929579,4등급,4등급,3등급
K55102C90653,0.16330682731398707,0.4379380086075683,0.1441775946558066,0.31182261323493576,4등급,4등급,3등급
K55104BU4265,0.12486764845793932,0.33116279268360965,0.1514635590258046,0.33538077228923485,4등급,4등급,3등급
K55104BU4299,0.09969918085485058,0.11343507208045696,0.133711236228822,0.12591719309579089,4등급,4등급,4등급
K55104C57153,0.10971142753338317,0.14912966023198826,0.35379817275845676,0.5679932665229673,4등급,3등급,2등급
K55104C57161,0.10974259853246983,0.15069938656969953,0.35458559194422584,0.5703411676987532,4등급,3등급,2등급
K55104C57179,0.10970962909787978,0.1502558420661537,0.3543688244664429,0.5697471417127002,4등급,3등급,2등급
K55104C57195,0.10977900099791488,0.15131178537991136,0.35489712482648916,0.57115674023829,4등급,3등급,2등급
K55104C57203,0.10970534945288177,0.15052178175097872,0.3545143424095428,0.5701827421091465,4등급,3등급,2등급
K55104C57211,0.10973540720514939,0.14998789758253817,0.35423349200009013,0.5692496463909652,4등급,3등급,2등급
K55104C57294,0.10971465375464404,0.1501936519586806,0.401046032865811,0.5694648879654103,4등급,2등급,2등급
K55104C57302,0.10971135283282243,0.15006122982143144,0.3542923727644721,0.5693853695886217,4등급,3등급,2등급
K55104C63755,0.14536933907456392,0.3725714213892627,0.1964396804284285,0.3866309683692281,4등급,4등급,3등급
K55104C63763,0.14442682047856506,0.37502231620590243,0.19586896445570806,0.38893152319162966,4등급,4등급,3등급
K55104C63771,0.14436742635239144,0.37444606146377885,0.19579847356073837,0.38839716459971435,4등급,4등급,3등급
K55104C63797,0.14450250192148764,0.3757821518872436,0.19594259629548844,0.3896459695097759,4등급,4등급,3등급
K55104C63805,0.1444048394786535,0.37481573944717816,0.19583816639903212,0.3887543740215758,4등급,4등급,3등급
K55104C63813,0.14430771688459398,0.3738886970669407,0.19575395464771408,0.3879218284100921,4등급,4등급,3등급
K55104C63862,0.14436791493998832,0.3743339181033413,0.1957855874449357,0.38829462639511314,4등급,4등급,3등급
K55105BH0962,0.10973004673676155,0.24961778304050583,0.1296123563195148,0.2560052372547291,4등급,4등급,3등급
K55105BH0970,0.10971343351343243,0.24894280735603502,0.12943777898892875,0.25532720036931633,4등급,4등급,3등급
K55105BH0988,0.10963688511559536,0.24870752029352514,0.12397186491673969,0.24853795879907525,4등급,4등급,3등급
K55105DW4120,0.0362982465221112,0.04996259876010716,0.0362982465221112,0.04996259876010716,5등급,5등급,5등급
K55105DW4203,0.03627967479823416,0.05029274125084152,0.03627967479823416,0.05029274125084152,5등급,5등급,4등급
K55105DW4211,0.03628548941876275,0.049991781220909436,0.03628548941876275,0.049991781220909436,5등급,5등급,5등급
K55105DW4229,0.035466057247756325,0.05044734523884338,0.035466057247756325,0.05044734523884338,5등급,5등급,4등급
K55105DW4237,0.036438317600167025,0.050270443559694934,0.036438317600167025,0.050270443559694934,5등급,5등급,4등급
K55105DW4245,0.03619153508237858,0.05022605282045103,0.03619153508237858,0.05022605282045103,5등급,5등급,4등급
K55203BS0333,0.11278133333574734,0.2515588410733175,0.11277049228048962,0.2545571452929463,4등급,4등급,3등급
K55203BS0341,0.11279409466522465,0.2517841320329857,0.11255219796624842,0.24268100470806103,4등급,4등급,3등급
K55203BS0358,0.11279267583413638,0.2516969220970598,0.11268688108653273,0.25027490362651106,4등급,4등급,3등급
K55203C55462,0.11404877900127493,0.25469300570143394,0.1191913648746672,0.2546397081417225,4등급,4등급,3등급
K55203C55710,0.11303204296524605,0.25237771755818356,0.11360682233483141,0.2532878323455926,4등급,4등급,3등급
K55203C55728,0.11305524235795268,0.25283761328887416,0.11330901042370752,0.23668578607126547,4등급,4등급,3등급
K55203C55736,0.11305802723477645,0.2527431392888612,0.11348131306796153,0.24634868339381014,4등급,4등급,3등급
K55203C55744,0.11285487104290524,0.2528088588034181,0.11320369161752204,0.23422498386640533,4등급,4등급,3등급
K55203C55751,0.11306054182931359,0.2527832522669125,0.11346178629466633,0.24529822112136637,4등급,4등급,3등급
K55206BI2957,0.20113326929292866,0.4516928785337603,0.2252008930688717,0.46219721150258414,3등급,3등급,2등급
K55206BV7835,0.20106113375983883,0.45128228807418935,0.2252419257414196,0.4617720125328949,3등급,3등급,2등급
K55206BV7843,0.20105995792255685,0.4511878152064025,0.22549049811325886,0.46168416469139123,3등급,3등급,2등급
K55206BY6263,0.000545680705058389,0.0006127210043245683,0.45601684680252297,0.9128334172228226,6등급,2등급,1등급
K55206BY6271,0.0005313527557815177,0.0008622785094311566,0.4564744841294633,0.9142751424072871,6등급,2등급,1등급
K55206BY6289,0.6796168606585293,1.5770671884595229,0.5133076715900171,0.9320488988132228,1등급,2등급,1등급
K55206BY6297,0.0005324060342528338,0.0009386075620928914,0.45663778928608456,0.9148305703904165,6등급,2등급,1등급
K55206BY6313,0.0004087181948871504,0.00011868550680640802,0.4779394206760671,0.924496790353478,6등급,2등급,1등급
K55206BY6321,0.0005302878652053189,0.0008981537397275276,0.4565876862791856,0.914613164769126,6등급,2등급,1등급
K55206BY6339,0.6793078563100224,1.5774171146821323,0.5131173931980298,0.9322512935266036,1등급,2등급,1등급
K55206BZ7906,0.0005343640131380404,0.00043564158875893376,0.4564681180531382,0.9114580232938476,6등급,2등급,1등급
K55206BZ7914,0.0005268626668754862,0.000707424703821668,0.4565234076816733,0.9124510733879544,6등급,2등급,1등급
K55206BZ7922,0.0005140098570128101,0.0006085280673172892,0.4565132590265011,0.9122686721813549,6등급,2등급,1등급
K55206BZ7930,0.7104189927144012,1.669999475108883,0.5206725618447932,0.935225191221399,1등급,2등급,1등급
K55206BZ7948,0.7719907650198978,1.8865036889179045,0.525431353136261,0.9364799399249183,1등급,2등급,1등급
K55206BZ7963,0.0004780987764885732,0.0001969842711379077,0.47817833533057125,0.9232664107034214,6등급,2등급,1등급
K55206BZ8771,0.13723786977365177,0.015182695652298555,0.4829057633212502,0.921116225215076,4등급,2등급,1등급
K55206BZ8789,0.1372124698664001,0.01631121180812942,0.483232654907145,0.9236460928404757,4등급,2등급,1등급
K55206BZ8805,0.13720971230172369,0.01600278983226959,0.48307033526478177,0.9222317735265283,4등급,2등급,1등급
K55206BZ8813,0.1371522425389342,0.01680447990906067,0.48337493480787247,0.9248080725719966,4등급,2등급,1등급
K55206BZ8839,0.13715571196829052,0.016291451075025543,0.4830945531718771,0.9224688546202283,4등급,2등급,1등급
K55206BZ8847,0.13721047557585456,0.015795396461846616,0.4831028560343285,0.9225268348958398,4등급,2등급,1등급
K55206BZ8870,0.1371703616021442,0.016399392131266743,0.4832725355204723,0.9238830158990659,4등급,2등급,1등급
K55206BZ8888,0.1371845171397392,0.016071212580055786,0.48310935473813366,0.9227629971215158,4등급,2등급,1등급
K55206BZ8912,0.13720376300097475,0.016049286407985554,0.48305412844387485,0.9224837727513813,4등급,2등급,1등급
K55206C58121,0.008183764866656201,0.019971184172804496,0.4571013478333738,0.9338768844897527,5등급,2등급,1등급
K55206C58139,0.0005201183984930165,0.0009657796595691618,0.4578287625711893,0.9358462098199134,6등급,2등급,1등급
K55206C58147,0.7683296244461837,1.863998722464058,0.5271997053210841,0.9337475683981707,1등급,2등급,1등급
K55206C58154,0.0005116242098260093,0.0010466725654336216,0.4582267044900943,0.936778702148343,6등급,2등급,1등급
K55206C58162,0.0004079525455525004,-0.0,0.4819768532505526,0.9414931905939038,6등급,2등급,1등급
K55206C58170,0.0005192236842821574,0.0008206738236866526,0.4574804989427276,0.9349510812594866,6등급,2등급,1등급
K55206C70092,0.0007122634236228897,0.0008056237238320384,0.4527490666014742,0.8463038330178536,6등급,2등급,1등급
K55206C70100,0.0006793976107285581,0.0010400065445099781,0.45333595926416703,0.8476952830264064,6등급,2등급,1등급
K55206C70118,0.0006813272442665858,0.0009676539761532904,0.4531945617876034,0.8473853705800318,6등급,2등급,1등급
K55206C70126,0.000688569052084791,0.0011348398285951084,0.4536649866957871,0.8484301554679821,6등급,2등급,1등급
K55206C70134,0.0007040602901943645,0.0010403761881415637,0.45335877745490694,0.8477319071681845,6등급,2등급,1등급
K55206C70142,0.0007002142588378239,0.0009483546310067234,0.4530700418409461,0.8470772950888744,6등급,2등급,1등급
K55206D33791,0.20103314915457182,0.45103594134916564,0.1472506028018701,0.349498978316017,3등급,4등급,3등급
K55206DW9325,0.11853079954517834,0.16541544898165583,0.11853079954517834,0.16541544898165583,4등급,4등급,4등급
K55206DW9333,0.11862508544849329,0.1663754962313943,0.11862508544849329,0.1663754962313943,4등급,4등급,4등급
K55206DW9341,0.11859606904655745,0.1662686793790733,0.11859606904655745,0.1662686793790733,4등급,4등급,4등급
K55206DW9374,0.118579886704841,0.16611209891115655,0.118579886704841,0.16611209891115655,4등급,4등급,4등급
K55209BF6974,0.11755118881642837,0.27849152962580614,0.13962992293628024,0.28180390759222645,4등급,4등급,3등급
K55209BH9091,0.0802576724149332,0.19003062823488323,0.0802576724149332,0.19003062823488323,4등급,4등급,4등급
K55209BH9109,0.08021704552492989,0.18956052395059123,0.08021704552492989,0.18956052395059123,4등급,4등급,4등급
K55209BH9117,0.08029548893138773,0.1908080241441197,0.08029548893138773,0.1908080241441197,4등급,4등급,4등급
K55209BH9125,0.07730482133305078,0.14839100384482504,0.07730482133305078,0.14839100384482504,4등급,4등급,4등급
K55209BH9174,0.08024220566909603,0.18981404869164453,0.08024220566909603,0.18981404869164453,4등급,4등급,4등급
K55209BH9190,0.0802274477289589,0.18954694712025966,0.0802274477289589,0.18954694712025966,4등급,4등급,4등급
K55209BH9208,0.08022113049268104,0.1894452044610071,0.08022113049268104,0.1894452044610071,4등급,4등급,4등급
K55209CN1933,0.14118748121362668,0.3442196143878889,0.1635459729617929,0.34782546832368305,4등급,4등급,3등급
K55209CN1941,0.14039499813794717,0.3429734569497208,0.16151042996499929,0.34665303729373503,4등급,4등급,3등급
K55209CN1958,0.14018029782584457,0.3444233220642496,0.1606855832307246,0.34809212076042956,4등급,4등급,3등급
K55209CN1966,0.1401899614188296,0.3440368793515194,0.16097449430585545,0.34769163301787226,4등급,4등급,3등급
K55209CN1982,0.14020866353834702,0.3447999678358853,0.16053709972911478,0.3484576122472512,4등급,4등급,3등급
K55209CN1990,0.1401798510218599,0.3442190843904025,0.1608560775005739,0.34788157891492755,4등급,4등급,3등급
K55209CN2014,0.14019728419545358,0.34459731085327827,0.160634134352736,0.34827388082528393,4등급,4등급,3등급
K55209CN2022,0.1406965713858704,0.34406225503123145,0.1653433913575537,0.3477469199773234,4등급,4등급,3등급
K55209CN2030,0.14018502157004956,0.3445585420906029,0.16093368099514535,0.3482227423294109,4등급,4등급,3등급
K55209CN2048,0.14070712659683257,0.34409059565749633,0.1252950531421569,0.3235363827087722,4등급,4등급,3등급
K55209DF7772,0.14088245717790504,0.3439657563234432,0.11523114258509444,0.33017629608403193,4등급,4등급,3등급
K55209DL5158,0.11741500556374017,0.2978698985256856,0.11302242540717647,0.29616065218477516,4등급,4등급,3등급
K55209DL5166,0.12181359404296499,0.2989441265942981,0.11715491847082464,0.29725765307358637,4등급,4등급,3등급
K55209DL5174,0.11663278463178468,0.29649628680702206,0.11663278463178468,0.29649628680702206,4등급,4등급,3등급
K55209DL5190,0.12184687001833341,0.29927014952617953,0.11718534337413769,0.29752800284102665,4등급,4등급,3등급
K55209DL5208,0.12222989294371003,0.2989685746341936,0.12343842688558117,0.29836744801390197,4등급,4등급,3등급
K55209DL5281,0.12197907140575179,0.2991632637709021,0.11870721584826657,0.29788880032244897,4등급,4등급,3등급
K55209DL5307,0.12331135731413348,0.2989466521436268,0.12331135731413348,0.2989466521436268,4등급,4등급,3등급
K55209DL5323,0.12176383134682019,0.2986068901329006,0.11711220939484153,0.2968299581406032,4등급,4등급,3등급
K55209DL5349,0.12182767312190149,0.2991869663449059,0.11716664174697931,0.29740924360478393,4등급,4등급,3등급
K55210BD3228,0.17297206227735937,0.4169477888351198,0.1891017712676401,0.40653457909913626,4등급,4등급,2등급
K55210BD3244,0.1687878864043914,0.37448082998523896,0.1874201163189745,0.38168136717064377,4등급,4등급,3등급
K55210BD3269,0.1690536895454743,0.37391598364724044,0.18746059802946755,0.38113595999722294,4등급,4등급,3등급
K55210BD3277,0.16669510481702426,0.3752331969266062,0.18702059504814833,0.38242379059479703,4등급,4등급,3등급
K55210BD3285,0.1667760537652488,0.3750403921394444,0.18689468324380268,0.38223742124154547,4등급,4등급,3등급
K55210BD3293,0.16675648783106264,0.37490575264608544,0.18723141486097136,0.38208153239012466,4등급,4등급,3등급
K55210BD3319,0.1670485555536751,0.3746416031015834,0.18698234982453366,0.3818172735020508,4등급,4등급,3등급
K55210BD3327,0.1683461563475097,0.37415314445386383,0.18726074934136716,0.3813527937670517,4등급,4등급,3등급
K55210BD3335,0.26683168868212065,0.49470962450291817,0.2097356874625523,0.6004179724797495,3등급,3등급,1등급
K55210BD3343,0.17047612916435612,0.3733043743197843,0.18783482852186406,0.38053977382675896,4등급,4등급,3등급
K55210BD3350,0.16831534864236156,0.37389830134278956,0.1879044619899356,0.38110584186437935,4등급,4등급,3등급
K55210BJ7058,0.16867944998055695,0.37469342749066736,0.1874915871726229,0.38187279689307274,4등급,4등급,3등급
K55210BJ7066,0.1675987116363072,0.3737419689489115,0.18796529947410062,0.3809543986592505,4등급,4등급,3등급
K55210BL5215,0.1625847624365829,0.37524330326343963,0.18599401929506995,0.38229877311804494,4등급,4등급,3등급
K55210BL5223,0.09763291390381694,0.23401876529996674,0.10797410643096628,0.2367573562341208,4등급,4등급,3등급
K55210BU1817,0.09816234761905647,0.23527608927461838,0.10786265435173396,0.23797014117912818,4등급,4등급,3등급
K55210BU1833,0.09852750707588045,0.23491794048434164,0.10800474905236017,0.23763676102989492,4등급,4등급,3등급
K55210BU3177,0.14084067765772113,0.3234446051036517,0.16985810858302514,0.3599206947054783,4등급,4등급,3등급
K55210BU3284,0.14031643995986218,0.3235135599622873,0.17023627995435886,0.35828102437914244,4등급,4등급,3등급
K55210BU3292,0.2873749763884402,0.8563210485543907,0.19998129428321446,0.3743979228170074,3등급,4등급,3등급
K55210BV5080,0.16813498679519942,0.3739857422123095,0.18806672645091807,0.3811857269207329,4등급,4등급,3등급
K55210BX0337,0.13728516632642904,0.3548266830456659,0.11807892089488645,0.3177197618466111,4등급,4등급,3등급
K55210BZ8650,0.05952626480080972,0.13160433470032604,0.14998724903759028,0.19049170261763232,4등급,4등급,4등급
K55210CL5800,0.35676204457715377,0.8779035939868551,0.20675687170713739,0.5345480550393853,3등급,3등급,2등급
K55210CL5818,0.14592758998134345,0.3225734114907313,0.1635768617614516,0.3167870770346577,4등급,4등급,3등급
K55210CL5826,0.14399129616939207,0.3234924987109789,0.16292359353258548,0.31771034710919305,4등급,4등급,3등급
K55210CL5834,0.14459776692257775,0.3233149234142715,0.16310904416162622,0.317521865598824,4등급,4등급,3등급
K55210CL5842,0.14354171158167597,0.3242156261682711,0.16280355388852938,0.31850352257491144,4등급,4등급,3등급
K55210CL5859,0.14460693174318542,0.3236125242737987,0.16311728001346992,0.3178725043445741,4등급,4등급,3등급
K55210CL5875,0.14474981931381248,0.3231768174724154,0.16315164314068767,0.3178329173175306,4등급,4등급,3등급
K55210CL5883,0.14460823859229988,0.3234512891749081,0.16310759238780367,0.31771428549403197,4등급,4등급,3등급
K55210CL5891,0.18691299383559343,0.39713974851499195,0.17177604326458332,0.3123111601254849,4등급,4등급,3등급
K55210CL5917,0.1447610849031736,0.323225137033702,0.18802699794253372,0.3174556270744921,4등급,4등급,3등급
K55210CL5925,0.14513906592359072,0.3230406428702649,0.1632517376803493,0.31729348369232657,4등급,4등급,3등급
K55210DT4051,0.16507419953314126,0.44146030673855485,0.16507419953314126,0.44146030673855485,4등급,4등급,2등급
K55210DT4069,0.16527903889034526,0.4433135267064933,0.16527903889034526,0.4433135267064933,4등급,4등급,2등급
K55210DT4077,0.16523198542903728,0.44285622231354593,0.16523198542903728,0.44285622231354593,4등급,4등급,2등급
K55210DT4085,0.1653437682945294,0.4439368766865433,0.1653437682945294,0.4439368766865433,4등급,4등급,2등급
K55210DT4093,0.16526433650744574,0.443152413907926,0.16526433650744574,0.443152413907926,4등급,4등급,2등급
K55210DT4101,0.1651956452171055,0.44245459471187987,0.1651956452171055,0.44245459471187987,4등급,4등급,2등급
K55213B35184,0.12235181918545146,0.2596928562334058,0.16534549215307967,0.30062217017402887,4등급,4등급,3등급
K55213B35192,0.12225973051030374,0.25873697625903347,0.16924831107587446,0.29969881008268034,4등급,4등급,3등급
K55214BV8239,0.5321811213254098,1.3361372203028818,0.3827116860116719,0.7231823899242049,2등급,3등급,1등급
K55214BV8247,0.5323916700147825,1.337806921489385,0.38287204191208324,0.7242986291731828,2등급,3등급,1등급
K55214BV8262,0.5327728599832945,1.3410734147788266,0.3831667409779206,0.7262999043041106,2등급,3등급,1등급
K55223BU8692,0.12335276235837958,0.3199687618554696,0.15077208895460253,0.3100393838151231,4등급,4등급,3등급
K55223BU8700,0.12332573244773493,0.3194578454195123,0.1477796148814365,0.3094565864116424,4등급,4등급,3등급
K55223BV8451,0.16161837377118654,0.3223597585796443,0.20661283905644792,0.37197213458459555,4등급,3등급,3등급
K55223BV8469,0.16182154518957037,0.32407696696663263,0.2067321143501512,0.3737206153028978,4등급,3등급,3등급
K55223BV8477,0.16176262666417535,0.3236568934611542,0.2067005720914905,0.3733195839869975,4등급,3등급,3등급
K55223BV8493,0.16191002905206828,0.32498679162617383,0.20678840724592376,0.3746446874338895,4등급,3등급,3등급
K55223BV8501,0.16181916843933633,0.32410743721457663,0.20672612051884248,0.37375258317250004,4등급,3등급,3등급
K55223BV8527,0.16172264731742764,0.3232807676340719,0.20667973392041417,0.37292770013594484,4등급,3등급,3등급
K55223BV8535,0.5001168455810275,1.0998897042890474,0.24994622161031022,0.528025869594094,2등급,3등급,2등급
K55223BV8543,0.16173674268066784,0.32352336343844385,0.2067000599518949,0.3731846023539891,4등급,3등급,3등급
K55223BV8550,0.16168167952201956,0.3232131784315202,0.20667992912524877,0.37310713265332823,4등급,3등급,3등급
K55223BV8568,0.16187707513072247,0.32463570124179975,0.2067733484404469,0.3743233954718318,4등급,3등급,3등급
K55223BV8576,0.16177680125913446,0.3238918223817084,0.20671560900449548,0.37356016516923735,4등급,3등급,3등급
K55223C18799,0.046755445850645116,0.05140842800226627,0.25132640819390517,0.41200993789066864,5등급,3등급,2등급
K55223C19466,0.05305644894351121,0.07269254075292018,0.2517197239408476,0.4124121640838157,4등급,3등급,2등급
K55223C19482,0.054496734247821574,0.07649919659902236,0.25179241946438097,0.41240407454129985,4등급,3등급,2등급
K55223C19490,0.048498733912774324,0.05865919173150828,0.2515160939179599,0.41245296127257247,5등급,3등급,2등급
K55223C19508,0.0698832593215257,0.10250035531063827,0.26476024880182325,0.41329567631444813,4등급,3등급,2등급
K55223C19516,0.13327923176791578,0.16343568908022868,0.27779530355150356,0.43974309337921685,4등급,3등급,2등급
K55223C69453,0.2628219875229763,0.5386195089555234,0.31600285868893235,0.5342086278499247,3등급,3등급,2등급
K55223C69461,0.2633695237655467,0.5419375919879543,0.31586156212420385,0.5368798454097016,3등급,3등급,2등급
K55223C69479,0.26324102002230704,0.5411859081074587,0.31573868207479283,0.5361963925495958,3등급,3등급,2등급
K55223C69487,0.2635257065410401,0.5429657276046935,0.31601467852178605,0.5376587059224277,3등급,3등급,2등급
K55223C69495,0.26332500466447345,0.5416742469961071,0.31582633783466535,0.5366318004402237,3등급,3등급,2등급
K55223C69503,0.26323819538114046,0.541124787744435,0.31573817548096256,0.5361941086695093,3등급,3등급,2등급
K55223C80153,0.15136495150199042,0.2754221526231475,0.3060541632143151,0.5086955621141821,4등급,3등급,2등급
K55223C86812,0.24309216745319365,0.5088096553902284,0.31310078080771897,0.530425244053884,3등급,3등급,2등급
K55223C86820,0.2434786602234543,0.511671208991153,0.31328478539189614,0.5327712434572297,3등급,3등급,2등급
K55223C86838,0.24338898960218686,0.5109907061530577,0.3132138226749889,0.5322326974057842,3등급,3등급,2등급
K55223C86846,0.24360201103382997,0.5125703720316532,0.3133928048862606,0.5334783203359909,3등급,3등급,2등급
K55223C86853,0.24346774518236358,0.5114850185780936,0.31326768490900797,0.5325756028253467,3등급,3등급,2등급
K55223C86887,0.1447047445967737,0.2851778721493447,0.2997321352829072,0.5043429598482424,4등급,3등급,2등급
K55223CC5996,0.060019492784619266,0.10941501776545644,0.21364758366759806,0.3029234899176094,4등급,3등급,3등급
K55223CC6002,0.05754972327645594,0.11116995915237211,0.21340162733614682,0.3054542622841633,4등급,3등급,3등급
K55223CC6010,0.05775958374066799,0.11081014326165552,0.21342271309440092,0.3048437082764132,4등급,3등급,3등급
K55223CC6036,0.05763644273137656,0.11213340439331689,0.21367846639624405,0.30669655702155224,4등급,3등급,3등급
K55223CC6044,0.05760437253984901,0.11188115845246244,0.22087569783537853,0.30657073496273723,4등급,3등급,3등급
K55223CC6051,0.05322349226388496,0.11199746616927661,0.04251266945552836,0.10033791273051304,4등급,5등급,4등급
K55223CC6077,0.057579278323014675,0.1110878751970816,0.2134290871012233,0.3052044891264055,4등급,3등급,3등급
K55223CC6093,0.058067609003207454,0.11054051503131408,0.21343039753300172,0.30453934257798065,4등급,3등급,3등급
K55223CC6119,0.057800861810403115,0.11072949401232729,0.21692667984601782,0.30575055707370047,4등급,3등급,3등급
K55223CC6135,0.057955144375848984,0.11066717033284253,0.21335271434592007,0.30461305595580546,4등급,3등급,3등급
K55223CC6143,0.057547032192274514,0.11149608760200297,0.057139128885328044,0.10750044508758262,4등급,4등급,4등급
K55223CC6150,0.05764091681494402,0.1110230384613483,0.2169291574986387,0.3058674566752195,4등급,3등급,3등급
K55223CN6801,0.11253726967212854,0.12132734181741868,0.25820903512977855,0.44855096058810007,4등급,3등급,2등급
K55223CN6819,0.11255795079666046,0.12142808366124522,0.2582230117284368,0.44863490800657285,4등급,3등급,2등급
K55223CN6827,0.11255795079666046,0.12142808366124522,0.25822329478319506,0.44863490800657285,4등급,3등급,2등급
K55223CN6843,0.21423302758297538,0.06513586755149145,0.26476715306885457,0.45040734691654055,3등급,3등급,2등급
K55223D83858,0.05492759008462668,0.11010736325957861,0.07374372687278465,0.14276156223350236,4등급,4등급,4등급
K55223DH7061,0.17446044199309885,0.4073222313251338,0.15725686604530104,0.40150849362596047,4등급,4등급,2등급
K55223DH7079,0.17470222788161066,0.40998500795454584,0.15836836753316771,0.40454585494594913,4등급,4등급,2등급
K55223DH7087,0.17465641807901278,0.4094007421623754,0.15742355744062506,0.40361583858252786,4등급,4등급,2등급
K55223DH7103,0.17478437840059372,0.4108331980031316,0.15753404802666926,0.40506689367452503,4등급,4등급,2등급
K55223DH7111,0.17469289944868144,0.40978775057770694,0.1574552746371334,0.4039996761546556,4등급,4등급,2등급
K55223DH7137,0.17460280912674664,0.4088485980180129,0.15737907282429872,0.40308751775501006,4등급,4등급,2등급
K55223DH7145,0.17464476768455997,0.40937157669059815,0.1574124861456075,0.40357020327740317,4등급,4등급,2등급
K55224C97361,0.03654867326004386,0.05133573182645304,0.1147137227267938,0.21710487276624682,5등급,4등급,3등급
K55224C97379,0.0030505485158039834,0.0022581174255458464,0.11231650348441796,0.21786362551009036,6등급,4등급,3등급
K55224C97403,0.027701680841727066,0.039454573824438975,0.11375715018762424,0.21771365683139926,5등급,4등급,3등급
K55226DF9447,0.17539493279756804,0.40951195577990057,0.1317094171200699,0.3538286620402706,4등급,4등급,3등급
K55226DF9454,0.1755190131874089,0.4104256209341389,0.13179397487721436,0.3547824199744751,4등급,4등급,3등급
K55226DF9462,0.17549223777620027,0.4102599024270944,0.13177487415038186,0.3546459859179609,4등급,4등급,3등급
K55226DF9470,0.1756202394202029,0.4111167303741595,0.13186663551064476,0.35548787495836104,4등급,4등급,3등급
K55226DF9488,0.17554012213601583,0.4105669554575959,0.13180352020403316,0.35495791566246576,4등급,4등급,3등급
K55226DF9496,0.17556219237127638,0.41068665524544923,0.13182426276443363,0.3550436691525543,4등급,4등급,3등급
K55226DF9504,0.17552611655864953,0.4104620359557451,0.13179894644142753,0.3547671410830263,4등급,4등급,3등급
K55226DF9512,0.1755847413869854,0.4108387595204261,0.13184298647781453,0.3552529279073547,4등급,4등급,3등급
K55226DF9520,0.1755297845795114,0.4104797462497473,0.13180652326528816,0.35480269227952504,4등급,4등급,3등급
K55226DI4304,0.17944393912994072,0.4197175297172018,0.14077522344802754,0.36785226718864567,4등급,4등급,3등급
K55226DI4312,0.17961812403068414,0.4209123851868437,0.14090299697645078,0.36913812529672063,4등급,4등급,3등급
K55226DI4320,0.17959422864704808,0.42065482606636656,0.14088573773123297,0.3688968783472156,4등급,4등급,3등급
K55226DI4338,0.17973223977863192,0.42166421639574797,0.1409888557489567,0.369947727885707,4등급,4등급,3등급
K55226DI4346,0.17964107818976768,0.4210646216191145,0.14091778870425836,0.36919183614130036,4등급,4등급,3등급
K55226DI4353,0.17967459684344547,0.42114907221770864,0.14094542639903723,0.3693707657243642,4등급,4등급,3등급
K55226DI4361,0.06639335873435544,0.15120134783888392,0.06639335873435544,0.15120134783888392,4등급,4등급,4등급
K55226DI6689,0.17956842577438756,0.42053897620930847,0.14086636054474716,0.3687374919935676,4등급,4등급,3등급
K55229C36764,0.20855368271427657,0.5160347536988088,0.18875129523674233,0.46415791790216854,3등급,4등급,2등급
K55229C36772,0.2070927232102319,0.5195468436225503,0.1887818140442474,0.467436980495036,3등급,4등급,2등급
K55229C36780,0.20699924431152186,0.5186949703346359,0.1886783002543465,0.46662648185879074,3등급,4등급,2등급
K55229C36806,0.20715794195487386,0.5201901085612891,0.18884603452696744,0.46796635334537934,3등급,4등급,2등급
K55229C36814,0.20702207366936742,0.5189228281359799,0.18870448453730856,0.4668770034913546,3등급,4등급,2등급
K55229C36830,0.20706748289602767,0.5179465975363687,0.18872041376006507,0.4659136121224466,3등급,4등급,2등급
K55229C37481,0.27118569655062763,0.6833346545127064,0.18347384941615447,0.45269545779553305,3등급,4등급,2등급
K55229C37499,0.2071061729654254,0.519733275445558,0.18880127414422884,0.46763198719143406,3등급,4등급,2등급
K55229C37507,0.2071130300067532,0.5198103107760145,0.18881447812978813,0.4676488241961189,3등급,4등급,2등급
K55229C37515,0.2070173025852156,0.5188372133412005,0.18859944359291742,0.46675751779753,3등급,4등급,2등급
K55229C37523,0.23409867552734273,0.6449166112390692,0.17804502609421682,0.4040871717914426,3등급,4등급,2등급
K55229CE1484,0.12468776061651832,0.26233125728701456,0.11964338503082135,0.24157831795430698,4등급,4등급,3등급
K55232BB8769,0.16550542650761296,0.36751842898676007,0.18490567022596607,0.37621209635616654,4등급,4등급,3등급
K55232BU4575,0.1646359954185857,0.36763519733403344,0.18565557589616466,0.39698713105462835,4등급,4등급,3등급
K55232BU4583,0.16463895480148152,0.36777675108238334,0.18660615076508358,0.40453407198702107,4등급,4등급,2등급
K55232BU4591,0.16464258637939513,0.36772963124935776,0.18502931681299295,0.37643643697782975,4등급,4등급,3등급
K55232BV1703,0.12329136996196642,0.30749814259748554,0.1381176203824016,0.2972973773313074,4등급,4등급,3등급
K55232BV1711,0.12323471580965568,0.30660433478874066,0.10626667112065934,0.25229002011702273,4등급,4등급,3등급
K55232BV1729,0.12321458676732619,0.3061684645134324,0.13232915026715408,0.29636479027683527,4등급,4등급,3등급
K55232BW8277,0.11134282696248157,0.27749141401508937,0.12732461811073542,0.27680165154174197,4등급,4등급,3등급
K55232BW8285,0.114753434460806,0.2768590936616892,0.12832007768011355,0.2762910391911631,4등급,4등급,3등급
K55232C90021,0.30935719834659875,0.7620657698210415,0.21360272762993884,0.28861719159416244,3등급,3등급,3등급
K55232C90039,0.3090710595149272,0.764446481261199,0.21350502309865685,0.28997415009536937,3등급,3등급,3등급
K55232C90047,0.3090160918207228,0.7638351543105586,0.21347057485802,0.2896023796214304,3등급,3등급,3등급
K55232C90062,0.3093524941871321,0.7653466584556424,0.2136891064774168,0.29063827970529094,3등급,3등급,3등급
K55232C90070,0.30896424479623275,0.7641008164771751,0.21344835644474877,0.2899444006457445,3등급,3등급,3등급
K55232C90096,0.3090577214954415,0.7633686105808345,0.2134644717394569,0.2893320367676297,3등급,3등급,3등급
K55232CA7142,0.3091129843957888,0.7641491139284944,0.21351124651721953,0.28979492405410284,3등급,3등급,3등급
K55232CA7159,0.3381015127629799,0.7524574581009976,0.1780296778268904,0.28990819200838197,3등급,4등급,3등급
K55232CA7167,0.3090497323017893,0.7641064489092702,0.21349546705696024,0.2897741679896004,3등급,3등급,3등급
K55232CA7175,0.30895347719880983,0.7635459611539137,0.2134373627352948,0.2895676008661473,3등급,3등급,3등급
K55232CA7191,0.1102598679145842,0.06843021207127585,0.10068794979980825,0.18196476313299764,4등급,4등급,4등급
K55232D94831,0.16462435185901594,0.3675403405507248,0.1286093299145307,0.30486356989845403,4등급,4등급,3등급
K55234B00275,0.14459748929041796,0.32689522875346366,0.15364640666241736,0.32402378051146363,4등급,4등급,3등급
K55234BW8739,0.10788491991609822,0.2706320361237073,0.12009234131413796,0.2548560181952584,4등급,4등급,3등급
K55234BW8747,0.10786862309654988,0.27037166268180424,0.1198463849340845,0.2546204854514116,4등급,4등급,3등급
K55234BX7904,0.1050883350596675,0.2653319589020576,0.1138482675266878,0.2356294985516186,4등급,4등급,3등급
K55234BX7912,0.10506683982370814,0.2650643053462409,0.11777920819616697,0.2781588258607685,4등급,4등급,3등급
K55234DA4062,0.1855018984434966,0.41325290402986936,0.1342987704868838,0.3650098148289012,4등급,4등급,3등급
K55234DA4070,0.18569445885659314,0.4156521349316087,0.13504868928415928,0.36806821451491145,4등급,4등급,3등급
K55234DA4088,0.18576990505513363,0.416540874915167,0.1344350860819764,0.3673965223728109,4등급,4등급,3등급
K55234DA4104,0.1856275514724382,0.41497225186634573,0.134997253062318,0.3675938384337068,4등급,4등급,3등급
K55234DA4112,0.18568563826349818,0.4154753941399754,0.135035535933273,0.36803979060788733,4등급,4등급,3등급
K55234DA4138,0.23966426071477706,0.4140714185949687,0.1791119105756139,0.38245237169548163,3등급,4등급,3등급
K55234DA4146,0.18564926767538284,0.41499717264384606,0.13434465129782677,0.3662934437563158,4등급,4등급,3등급
K55234DA4153,0.18562499120018564,0.4149246343813743,0.13433330934223395,0.3661496994378443,4등급,4등급,3등급
K55234DA4161,0.1856636934639102,0.415300940513461,0.16404272197518924,0.40389977508129704,4등급,4등급,2등급
K55234DA4179,0.1856281794331437,0.41481732540704463,0.1350009236841935,0.36751263471947637,4등급,4등급,3등급
K55234DA4195,0.1855970371117034,0.4147627711735336,0.16848529140811874,0.40761857458822637,4등급,4등급,2등급
K55234DA4229,0.18563241699671726,0.4148539817799904,0.13499928643725326,0.3675440528111527,4등급,4등급,3등급
K55239C57033,0.28719922235098144,0.7305717647452502,0.35522443267355064,0.749160056857543,3등급,3등급,1등급
K55239C57041,0.287414493622519,0.7341934936371926,0.35598449456065545,0.7529103773671898,3등급,3등급,1등급
K55239C57058,0.2873365887407527,0.7334617586485932,0.355771670029325,0.7520820925943039,3등급,3등급,1등급
K55239C57074,0.28754618687230044,0.7353146463400877,0.35622885614748945,0.754080930946398,3등급,3등급,1등급
K55239C57082,0.2872398560652579,0.7326525212908199,0.3556485465668373,0.7513245024071141,3등급,3등급,1등급
K55239C57090,0.28738209918418406,0.7338589377598964,0.35590380901185814,0.7525165700310928,3등급,3등급,1등급
K55239C57124,0.2873264697967816,0.7333363934049301,0.35577024883976893,0.7519498201645725,3등급,3등급,1등급
K55239C74160,0.19187686907764565,0.3352705109024635,0.3558180936299577,0.6656238356314214,4등급,3등급,1등급
K55240BS4769,0.2387820139260113,0.49411829475003777,0.2842536916597525,0.5832344249500397,3등급,3등급,2등급
K55240BS4777,0.23891576744944004,0.49536760239833266,0.28270947851872263,0.5847848170936825,3등급,3등급,2등급
K55240BS4785,0.23888036171887866,0.4950582814309773,0.28261885724121033,0.5844673894168108,3등급,3등급,2등급
K55240BS4793,0.23895614180306884,0.4959661181880706,0.2828481194793654,0.5855541702176564,3등급,3등급,2등급
K55240BS4801,0.23888768592609122,0.4953291798684783,0.282628560508769,0.5846939724777196,3등급,3등급,2등급
K55240BS4835,0.23886157446959297,0.49483881688714215,0.2834783437070518,0.5841454560325061,3등급,3등급,2등급
K55240BS4876,0.238890402627167,0.49536138039568106,0.2829880440540132,0.5848322791654659,3등급,3등급,2등급
K55240BT8363,0.23887041940425222,0.4950777885622673,0.2825865025639213,0.5844339097850082,3등급,3등급,2등급
K55244C54386,0.08408907088878433,0.20014227825764852,0.12063464358736124,0.21051605017851796,4등급,4등급,3등급
K55244C54535,0.08347617011775316,0.20214810322194676,0.12052708062311582,0.2124980008652733,4등급,4등급,3등급
K55244C54543,0.08352308221426308,0.2030566043488733,0.12059096897455077,0.21340456861828558,4등급,4등급,3등급
K55244C54550,0.08345737938140128,0.20171392670440288,0.12051209694258162,0.21207681973943684,4등급,4등급,3등급
K55244C54584,0.08347615171575129,0.20208002386515006,0.12051564490886839,0.21242873505123502,4등급,4등급,3등급
K55244C54592,0.08344014551220326,0.2013572532397671,0.12049053544077441,0.21172524336320955,4등급,4등급,3등급
K55244C54626,0.05506414096487179,0.06633154253697598,0.06261020997437626,0.06695275726528484,4등급,4등급,4등급
K55244D29766,0.08560562157910963,0.18050307165462695,0.08884163492680697,0.17425811630177693,4등급,4등급,4등급
K55244D29774,0.08550579533181497,0.18249691033131635,0.08882986083400378,0.17637315884526925,4등급,4등급,4등급
K55244D29782,0.08548258130812666,0.18211611417474993,0.08880806415432484,0.17595630018089453,4등급,4등급,4등급
K55244D29808,0.08554191778296709,0.1832494471859693,0.08886462600357323,0.1771638108142616,4등급,4등급,4등급
K55244D29816,0.08549761062779432,0.18240714698958466,0.08881311170340762,0.17627116531095602,4등급,4등급,4등급
K55244D29824,0.08546937252714573,0.18197767785630442,0.08880559317470776,0.17582638246874333,4등급,4등급,4등급
K55244D92145,0.0941570111514478,0.21425810881308366,0.08858334857575728,0.18620432737167275,4등급,4등급,4등급
K55244D92152,0.09461478493001438,0.21664762748032915,0.08858152597094372,0.188320302967473,4등급,4등급,4등급
K55244D92160,0.09457455075184953,0.21622488839334394,0.08855263655081633,0.18791991644619177,4등급,4등급,4등급
K55244D92178,0.09466642382391727,0.21762050571628064,0.08861641189738372,0.1892316418719743,4등급,4등급,4등급
K55244D92186,0.09459906718143074,0.2166091446092898,0.08856854129972778,0.18824730974089995,4등급,4등급,4등급
K55244D92194,0.09457470895911488,0.21604407694083114,0.08855528794432645,0.18783211366857636,4등급,4등급,4등급
K55244D94356,0.09457812400297821,0.21622365123303897,0.08856130285687706,0.1879271866079591,4등급,4등급,4등급
K55244DB3996,0.11396765619218141,0.2319262002685452,0.10374868173071485,0.23627206953395563,4등급,4등급,3등급
K55244DB4010,0.1141298823325271,0.2342204493514347,0.10375366628146725,0.2384922786401246,4등급,4등급,3등급
K55244DB4028,0.11409774206331137,0.23378919214930258,0.10372737029828293,0.23809795816183127,4등급,4등급,3등급
K55244DB4036,0.1142006401914168,0.23508084408588287,0.10381133156649797,0.2393526944738725,4등급,4등급,3등급
K55244DB4051,0.11412654149265641,0.23414645158481692,0.10374548015441465,0.23842436798756178,4등급,4등급,3등급
K55244DB4069,0.11408784485035978,0.23365706093663705,0.10371188371541491,0.23793881205089565,4등급,4등급,3등급
K55244DB4135,0.11406973766442163,0.2337382750145933,0.11866894261514217,0.24363691069130294,4등급,4등급,3등급
K55244DH3081,0.10024900373489828,0.22526111279789587,0.09623778258459215,0.20362392122180067,4등급,4등급,3등급
K55244DH3099,0.10058599562587482,0.22762887305849766,0.09644887740891953,0.20582160885643147,4등급,4등급,3등급
K55244DH3107,0.10056185990627133,0.2271794504566443,0.09642151715363964,0.20544010835385798,4등급,4등급,3등급
K55244DH3123,0.10064205192560935,0.22853774008488628,0.09650807034344132,0.20664062143751846,4등급,4등급,3등급
K55244DH3131,0.10057752603304092,0.22749851805901508,0.0964431783641835,0.20573709208877103,4등급,4등급,3등급
K55244DH3149,0.10054981367452978,0.22704387451617106,0.09641674824209961,0.205267893748692,4등급,4등급,3등급
K55244DH3180,0.10056448609729442,0.22719001873947853,0.0964301190426247,0.20541366244325426,4등급,4등급,3등급
K55244DS3898,0.07487113024006073,0.2161577064546891,0.07487113024006073,0.2161577064546891,4등급,4등급,3등급
K55244DS3906,0.0734182060894276,0.2124027953902413,0.0734182060894276,0.2124027953902413,4등급,4등급,3등급
K55244DS3914,0.07348116229762747,0.21431829904918803,0.07348116229762747,0.21431829904918803,4등급,4등급,3등급
K55244DS3930,0.07460936018738698,0.2151344221895535,0.07460936018738698,0.2151344221895535,4등급,4등급,3등급
K55244DS3997,0.07347362229500991,0.21417490816302787,0.07347362229500991,0.21417490816302787,4등급,4등급,3등급
K55244DS4029,0.07346691724200755,0.21371528251978705,0.07346691724200755,0.21371528251978705,4등급,4등급,3등급
K55244DS4060,0.06926283303307554,0.17828753793590107,0.06926283303307554,0.17828753793590107,4등급,4등급,4등급
K55244DS4086,0.07454777560427828,0.21519932742223538,0.07454777560427828,0.21519932742223538,4등급,4등급,3등급
K55244DS4094,0.07347627153489397,0.21399964653112757,0.07347627153489397,0.21399964653112757,4등급,4등급,3등급
K55244DS4102,0.0734969142199274,0.21390997708440243,0.0734969142199274,0.21390997708440243,4등급,4등급,3등급
K55301B88483,0.09652913625068933,0.2428316491955199,0.11104537138254998,0.23471347497849057,4등급,4등급,3등급
K55301B95397,0.09641847235885014,0.24063789837577312,0.11133358406528851,0.23226944497592242,4등급,4등급,3등급
K55301B95405,0.0965054291583198,0.24234288318117242,0.11099390884143338,0.23415601558884144,4등급,4등급,3등급
K55301B95413,0.09648400793249676,0.2419319567167416,0.11094845296288751,0.233685060980352,4등급,4등급,3등급
K55301B95421,0.09655065855664406,0.2431797150856174,0.11107845047030955,0.2350804846707433,4등급,4등급,3등급
K55301B95439,0.09651361691161076,0.24233805907479442,0.11103825393842279,0.2341667503700233,4등급,4등급,3등급
K55301B95462,0.09648350391866813,0.24186358530730193,0.11106964217767049,0.23364585469382304,4등급,4등급,3등급
K55301B95496,0.09650297168584493,0.24221330943517977,0.11103132383486616,0.23399243956320165,4등급,4등급,3등급
K55301B95504,0.0965280640766217,0.2427000086057356,0.11102629780849017,0.23458647427515758,4등급,4등급,3등급
K55301BP6813,0.16491969348921148,0.41512000583432307,0.20283912399223428,0.4077754484548997,4등급,3등급,2등급
K55301BP6821,0.16470313415333562,0.41564061671316455,0.2019263832653032,0.4085408927073603,4등급,3등급,2등급
K55301BV3010,0.1264225954414549,0.3281484225738931,0.1463537922614521,0.333620838428514,4등급,4등급,3등급
K55301BV3028,0.12638100811214828,0.3276612968735468,0.14896816586850464,0.346619691768297,4등급,4등급,3등급
K55301BV3036,0.1351628713373157,0.3410342488029575,0.16938663667601783,0.349453010674958,4등급,4등급,3등급
K55301BV3044,0.13509797116915054,0.34010373535597505,0.17216146643762176,0.3485918807336722,4등급,4등급,3등급
K55301BV3069,0.1122352669655258,0.2949128183771835,0.14005830424540652,0.2997109925127218,4등급,4등급,3등급
K55301BV3085,0.11217337895495084,0.2942054641908866,0.14315838295196986,0.29898250351724703,4등급,4등급,3등급
K55301BX1541,0.05424645694333296,0.1227619725378041,0.05424645694333296,0.1227619725378041,4등급,4등급,4등급
K55301C23553,0.12462115571147676,0.3136855978520009,0.15600058607641992,0.36709291482244555,4등급,4등급,3등급
K55301C23561,0.1245940551327607,0.31330333716164666,0.16384443043697317,0.37036613114968286,4등급,4등급,3등급
K55301C23728,0.12942675225122355,0.3381280308865337,0.147989117066081,0.34470307631780295,4등급,4등급,3등급
K55301C23744,0.1293817592769114,0.33772919412528946,0.106697286806239,0.2839256049944609,4등급,4등급,3등급
K55303BU4017,0.12121754071050074,0.30386619479261956,0.13922826228611948,0.2874537218561538,4등급,4등급,3등급
K55305B76711,0.20655484350032213,0.4721576751760325,0.21638726306714223,0.47587118700046777,3등급,3등급,2등급
K55305B76729,0.20606198533891454,0.4712621648455839,0.21633961463353116,0.47502731686591293,3등급,3등급,2등급
K55305B76737,0.20613080429844624,0.47155883857681247,0.21654545794373078,0.4752957940940985,3등급,3등급,2등급
K55305BF9930,0.20639759900038837,0.47208838639993433,0.21636330685870966,0.47580158530279937,3등급,3등급,2등급
K55305BX1299,0.2061311944777534,0.4715156760308486,0.21670190547970788,0.4752657985645238,3등급,3등급,2등급
K55306B61430,0.2603935433963302,0.6965256249365172,0.2558178307975469,0.6211916510006128,3등급,3등급,1등급
K55306BJ2831,0.25988617423629506,0.6967261344951388,0.2679492984409125,0.6216830314561336,3등급,3등급,1등급
K55306C64192,0.27178669933708066,0.6919971765376409,0.27572938927069074,0.7066158893727759,3등급,3등급,1등급
K55306C64200,0.2716800551036637,0.6938844412651521,0.2758852965970981,0.7087258100235058,3등급,3등급,1등급
K55306C64218,0.27158952357761534,0.6934782003190456,0.2757739516531312,0.708253019759204,3등급,3등급,1등급
K55306C64846,0.2718197752217043,0.6946062066372204,0.27604724830694094,0.709510676725372,3등급,3등급,1등급
K55306C64861,0.27165642615316793,0.6938087762342494,0.27585630478891027,0.708626395861177,3등급,3등급,1등급
K55306C64879,0.27150380562301357,0.6930997286627917,0.27569354260123596,0.707839263286518,3등급,3등급,1등급
K55306C64887,0.2714917167130232,0.693030553204106,0.2757073050816766,0.7077746414542474,3등급,3등급,1등급
K55306C74456,0.2715855833522501,0.6934342760333995,0.2757536415225325,0.708205338448634,3등급,3등급,1등급
K55306C74746,0.1655194562445146,0.25014572906993254,0.2341291615358684,0.3413699674099182,4등급,3등급,3등급
K55306C82566,0.2145382042543298,0.5583832392351616,0.24748658718138947,0.6142330566681051,3등급,3등급,1등급
K55306C82574,0.21479217488522542,0.5604549783028477,0.24707297780352416,0.6165428478999838,3등급,3등급,1등급
K55306C82582,0.21473135005591282,0.5600323085338057,0.24706779930813674,0.6159645880939818,3등급,3등급,1등급
K55306C82590,0.21487944146838603,0.5612331119156813,0.2471556105104975,0.6171871546153977,3등급,3등급,1등급
K55306C82608,0.21477050805644146,0.5604193106957707,0.24706770344322418,0.6164087343855158,3등급,3등급,1등급
K55306C82616,0.21467348250831728,0.5596264308376907,0.24710021007192573,0.615563989764189,3등급,3등급,1등급
K55306C82632,0.2146701409848398,0.5595275489917589,0.20388493393710483,0.570608940195323,3등급,3등급,2등급
K55306C82640,0.21470940604980576,0.5599484191133737,0.24706376127745033,0.6158785808109299,3등급,3등급,1등급
K55306C82657,0.14071501670893732,0.2346868012943772,0.1260311311291145,0.23379741479953528,4등급,4등급,3등급
K55309BK8204,0.05168141449325165,0.05818258566984954,0.09878638274888318,0.11573317934047637,4등급,4등급,4등급
K55309BK8212,0.0398930734030739,0.0601230078488425,0.08295283505501935,0.11775524073350421,5등급,4등급,4등급
K55309BK8220,0.10152941446968117,0.12349789586185417,0.07034740402833979,0.10411545999438594,4등급,4등급,4등급
K55309BK8501,0.04163676234030839,0.059863730692383925,0.08528818613301745,0.11743083938733456,5등급,4등급,4등급
K55309BK8519,0.03848127558715253,0.06028228659375915,0.08102725105134895,0.11795397044286636,5등급,4등급,4등급
K55309DY1730,0.09542913526463571,0.06931842080788526,0.09542913526463571,0.06931842080788526,4등급,4등급,4등급
K55309DY1771,0.10659192096519515,0.07118000843932633,0.10659192096519515,0.07118000843932633,4등급,4등급,4등급
K55309DY1789,0.09540181392514523,0.07040106143288148,0.09540181392514523,0.07040106143288148,4등급,4등급,4등급
K55309DY1805,0.10655702967766738,0.07141535131710539,0.10655702967766738,0.07141535131710539,4등급,4등급,4등급
K55309DY1813,0.10655117298247874,0.07118739488090084,0.10655117298247874,0.07118739488090084,4등급,4등급,4등급
K55309DY1821,0.10653284473263498,0.07063029427254232,0.10653284473263498,0.07063029427254232,4등급,4등급,4등급
K55309DY1847,0.09544119476167996,0.07040758546925004,0.09544119476167996,0.07040758546925004,4등급,4등급,4등급
K55310DA9563,0.24841080840644747,0.5296599907430575,0.1743602750591837,0.49932542826151305,3등급,4등급,2등급
K55310DA9571,0.247480691050286,0.5328122742585196,0.17385753694896613,0.5012878915436486,3등급,4등급,2등급
K55310DA9589,0.24741346847971185,0.532148123420676,0.17380863561633564,0.5008001887243566,3등급,4등급,2등급
K55310DA9597,0.055966913433086206,0.057147316006342874,0.05905988392627868,0.08255514147589542,4등급,4등급,4등급
K55310DA9605,0.2475988286904339,0.5339900840072482,0.17394213458851887,0.5019235356773849,3등급,4등급,2등급
K55310DA9613,0.24743053061954934,0.5324321259810194,0.17382288544529548,0.5011462573451482,3등급,4등급,2등급
K55310DA9621,0.055840757971030254,0.10106009576727513,0.055840757971030254,0.10106009576727513,4등급,4등급,4등급
K55310DA9639,0.24737414607874939,0.5314630377216214,0.17377770246367444,0.5004347844597359,3등급,4등급,2등급
K55310DA9654,0.24743351719263254,0.5320509731792765,0.17381984269778997,0.5007798181137445,3등급,4등급,2등급
K55363BQ7286,0.08745735633914366,0.1941127442383697,0.14254282847033492,0.23766105794200046,4등급,4등급,3등급
K55363BQ7294,0.0852407273194056,0.18969064739928027,0.1390695738211284,0.23099474261395067,4등급,4등급,3등급
K55363BQ7302,0.08778324595021052,0.19222351962415776,0.13959890835232128,0.2320987378820827,4등급,4등급,3등급
K55363BQ7310,0.08613943861135026,0.19042729504471326,0.13927351321187345,0.23169960742536358,4등급,4등급,3등급
K55363BQ7328,0.07937472818247301,0.11465849839107622,0.142638376558336,0.23546638936539768,4등급,4등급,3등급
K55363BQ7336,0.08682964541897359,0.1907966138165665,0.13898474569984492,0.23208580003906698,4등급,4등급,3등급
K55363BQ7351,0.08565001585889269,0.1900886287035352,0.1391438391589852,0.23143796761588592,4등급,4등급,3등급
K55363BQ7369,0.08597679433053734,0.19033212224249613,0.13895528854717323,0.2316160075312135,4등급,4등급,3등급
K55363DI7839,0.12555401075522413,0.2968350671383991,0.12679631528512658,0.2650318112487991,4등급,4등급,3등급
K55363DI7847,0.12573300235086313,0.298968136612775,0.12694402723460682,0.2670353002429793,4등급,4등급,3등급
K55363DI7854,0.12568581199793183,0.2984839462319325,0.12688821816122178,0.266400375823821,4등급,4등급,3등급
K55363DI7862,0.1257843342277767,0.29969501378869473,0.12696392751505828,0.2674194620795906,4등급,4등급,3등급
K55363DI7888,0.12570840479535836,0.29883345969781416,0.126906800420917,0.2666829654479985,4등급,4등급,3등급
K55363DI7904,0.07825095784079232,0.08040432006584428,0.07825095784079232,0.08040432006584428,4등급,4등급,4등급
K55365DH5816,0.1813129911218684,0.4178948192849066,0.14769522997743909,0.3295863792872281,4등급,4등급,3등급
K55365DH5832,0.1813873049816088,0.4188922664052468,0.14775896271789132,0.33054347466910344,4등급,4등급,3등급
K55365DH5923,0.18138960231553136,0.4189038495529914,0.14775603266512555,0.3305710380035684,4등급,4등급,3등급
K55365DH5949,0.18138826985340548,0.41893111970515734,0.16623887831356607,0.39223192659627015,4등급,4등급,3등급
K55365DH5956,0.18138713198351664,0.41890759699222135,0.148913673035994,0.33274646535430935,4등급,4등급,3등급
K55365DH5964,0.18138058342394353,0.4188535585767819,0.14890681387377425,0.33278447557395,4등급,4등급,3등급
K55373C64556,0.19360104588859067,0.48458770426580133,0.23122068361753761,0.485166860851024,4등급,3등급,2등급
K55373C64564,0.1940064806128347,0.48765363535851936,0.2320228408137473,0.4882045483683012,4등급,3등급,2등급
K55373C64572,0.22844722542621984,0.4339345588644304,0.14954477514454964,0.2624050610637754,3등급,4등급,3등급
K55373C64580,0.19393275459027462,0.4867702994539129,0.23188876496384586,0.4873227167792508,4등급,3등급,2등급
K55373C64598,0.1940531113587138,0.4880493252188531,0.23208304951660383,0.48861895327855764,4등급,3등급,2등급
K55373C64606,0.19395241996938725,0.4869793575137787,0.2319159204939764,0.48753492886273914,4등급,3등급,2등급
K55373C64630,0.19390012303132526,0.4864676956686615,0.23186272924002288,0.4870347942394578,4등급,3등급,2등급
K55373C69738,0.19385938647322237,0.4860227612931918,0.231820241690682,0.486585578532147,4등급,3등급,2등급
K55373DC9912,0.20284227450488468,0.5153338556412357,0.1728372578815061,0.43200207694326814,3등급,4등급,2등급
K55373DC9920,0.20308082456671295,0.5174153936551714,0.1729259184453112,0.4340643020738237,3등급,4등급,2등급
K55373DC9938,0.203025378824444,0.5169898221936258,0.1735512662042469,0.43520269857640725,3등급,4등급,2등급
K55373DC9946,0.2031832653098458,0.5181952359539949,0.17299174429740063,0.43489497806105953,3등급,4등급,2등급
K55373DC9953,0.2030798096442925,0.5173729832699256,0.17358860720437108,0.43558656480721514,3등급,4등급,2등급
K55373DC9979,0.20300921243397602,0.5166573096253301,0.1729134882257193,0.43338154135838425,3등급,4등급,2등급
K55373DD0019,0.20303612968328608,0.5169464526107671,0.17593722370836531,0.4397063146698891,3등급,4등급,2등급
K55454C64299,0.2081328809027637,0.5338854932828253,0.23513111747721083,0.5433664905394432,3등급,3등급,2등급
K55454C64307,0.2078886973363817,0.536926665209519,0.235380024891623,0.5462918278331382,3등급,3등급,2등급
K55454C64315,0.20782477196685267,0.5362108632059333,0.23530829049278207,0.5455983206741609,3등급,3등급,2등급
K55454C64331,0.2079467609375156,0.5376304684759228,0.23548983687718736,0.5469708948540513,3등급,3등급,2등급
K55454C64349,0.2078722959414296,0.5367771521131974,0.23534233027205212,0.5461497948881457,3등급,3등급,2등급
K55454C64372,0.20777673350223103,0.5355921218337845,0.23525349669325668,0.5450066750110901,3등급,3등급,2등급
KR5101202426,0.08736623305480284,0.22489744644038895,0.17021056984177188,0.2431321847190964,4등급,4등급,3등급
KR5101202459,0.06413976994442273,0.16194144650657832,0.13161470182706078,0.20782120101351587,4등급,4등급,3등급
KR5101202467,0.0893905322689696,0.22711874938518078,0.15137297986365883,0.2499447207805246,4등급,4등급,3등급
KR5101202616,0.08850233851952534,0.22607218590712075,0.14330611925373501,0.2495656390780524,4등급,4등급,3등급
KR5101207227,0.08713150459292131,0.22174809719377653,0.13749233884251444,0.29561482960151464,4등급,4등급,3등급
KR5101209694,0.052580696154559785,0.1340975573795526,0.1294524199149236,0.15138946437523126,4등급,4등급,4등급
KR5101233884,0.08330233756786841,0.2290631965546846,0.15478185859538238,0.2379496022439113,4등급,4등급,3등급
KR5101300253,0.09469076149552791,0.2375837503147572,0.11780740306546898,0.24100991914028813,4등급,4등급,3등급
KR5101312753,0.10433744902407263,0.23740811502777154,0.1503598640530537,0.327837830636643,4등급,4등급,3등급
KR5101314072,0.12149201644259387,0.27636715423584207,0.1793919933383382,0.2934592148551389,4등급,4등급,3등급
KR5101AP9333,0.09579409104037115,0.23974559463852177,0.10896908086418575,0.2143336846523256,4등급,4등급,3등급
KR5101AP9341,0.09585040891600095,0.2415690913656212,0.107987910176916,0.21584975221272254,4등급,4등급,3등급
KR5101AP9598,0.0957611652158772,0.24072063297910937,0.10859564324491887,0.2151446849598198,4등급,4등급,3등급
KR5101AQ4499,0.12156056916751593,0.2772206468611394,0.17554577482416092,0.2943439301618287,4등급,4등급,3등급
KR5101AQ4507,0.12166286497585062,0.2783075516771741,0.17034449085205122,0.2955019517902978,4등급,4등급,3등급
KR5101AQ8276,0.09581577444174907,0.2409953975114323,0.10844695058094415,0.21536281643592897,4등급,4등급,3등급
KR5101AT3589,0.12159730860242002,0.2775558406876866,0.1740272854000532,0.29469702569611333,4등급,4등급,3등급
KR5102196833,0.5924207359326132,1.499846008003389,0.309041665195891,0.5627625687182523,2등급,3등급,2등급
KR5102199019,0.5255307255457942,1.3277537636784216,0.2955075201082977,0.5666623692104275,2등급,3등급,2등급
KR5102203308,0.14497358552397505,0.3624922307614627,0.21817865952608806,0.3650853402226359,4등급,3등급,3등급
KR5102203332,0.14088664117533523,0.3555098527322318,0.21342822927751076,0.3585681924099181,4등급,3등급,3등급
KR5102203845,0.1449907390468804,0.36545280844815137,0.1776392554811781,0.40306109337358126,4등급,4등급,2등급
KR5102207978,0.1265563962604235,0.30564427234166996,0.18795408227303984,0.3784328712118229,4등급,4등급,3등급
KR5102213265,0.12699886321593565,0.3109143123890882,0.1961893103237552,0.3149742606058578,4등급,4등급,3등급
KR5102268210,0.1002348700481759,0.19181426317360226,0.20663001584978027,0.3011744904493045,4등급,3등급,3등급
KR5102268228,0.0498345367369268,0.09685508172566626,0.20333819922248444,0.24729602164392891,5등급,3등급,3등급
KR5102280140,0.09006998800915895,0.12582332971180504,0.1643495700868544,0.29483378092493684,4등급,4등급,3등급
KR5102280157,0.09013164639386285,0.12805195322564275,0.16470541499911692,0.2975964639368981,4등급,4등급,3등급
KR5102299637,0.4069821534344281,0.9184789156536819,0.2222742594954856,0.4737725428910011,2등급,3등급,2등급
KR5102299645,0.40722151720665345,0.9207583937301684,0.22244308090197337,0.4768302125920944,2등급,3등급,2등급
KR5102300096,0.11199357931119773,0.2720676169228097,0.12508113648476885,0.26660579697715325,4등급,4등급,3등급
KR5102306135,0.11570573460135729,0.2814900940670771,0.15769573248029312,0.302075385901754,4등급,4등급,3등급
KR5102314733,0.13469009768927093,0.329988397951281,0.15017947358674896,0.3228206124424559,4등급,4등급,3등급
KR5102403684,0.11527425624369637,0.279276345715651,0.1362654983769689,0.2857979775679039,4등급,4등급,3등급
KR5102504085,0.0938590764846212,0.2357154174122372,0.10643260356944594,0.22460559261878696,4등급,4등급,3등급
KR5102644667,0.11557555248723826,0.2769389500809557,0.14172341438540506,0.2887748701762035,4등급,4등급,3등급
KR5102965476,0.11839153560273555,0.17957302926726282,0.19403764541802265,0.3746041925054643,4등급,4등급,3등급
KR5102965484,0.11860646192041124,0.1820268968041143,0.1909350505990803,0.3386987131187689,4등급,4등급,3등급
KR5102974312,0.11545308032693086,0.28194945189496284,0.13637425349449936,0.28840069073849645,4등급,4등급,3등급
KR5102991258,0.11926954784436647,0.14461799826673452,0.1965343671797467,0.3830940971989032,4등급,4등급,3등급
KR5102991266,0.11968516213804963,0.1472089894519608,0.19674364806062244,0.3858877299338604,4등급,4등급,3등급
KR5102A08358,0.14652907399933748,0.345487178007671,0.19628212664297812,0.4108116609574962,4등급,4등급,2등급
KR5102A08366,0.14903627513542106,0.3479647550050294,0.1941870606528855,0.4016208336698671,4등급,4등급,2등급
KR5102A20130,0.14882834298388706,0.3509068778899585,0.19655682095885818,0.3909827363616217,4등급,4등급,3등급
KR5102A20148,0.14646775715595864,0.3542296643983627,0.19601657060146685,0.3934453833102596,4등급,4등급,3등급
KR5102A34339,0.14466244592856947,0.35187844772414417,0.19260519411121424,0.3670780154714149,4등급,4등급,3등급
KR5102A34347,0.1442630902203846,0.35443685678779335,0.19085453840742284,0.37065061882818257,4등급,4등급,3등급
KR5102AP7716,0.1173161240577872,0.2721635585157576,0.14123767868558812,0.28419150127224324,4등급,4등급,3등급
KR5102AP9795,0.11712924163836408,0.27354353290738465,0.140696646624831,0.2856085271606343,4등급,4등급,3등급
KR5102AP9803,0.11707354541175077,0.2731070761112141,0.14076199356996044,0.28517125582683656,4등급,4등급,3등급
KR5103202150,0.09243914059354177,0.22891249689778434,0.15291581453753544,0.24132007578791617,4등급,4등급,3등급
KR5103202184,0.07829998728612705,0.19796661301235816,0.13159021521832207,0.2464345678089635,4등급,4등급,3등급
KR5103202192,0.10386249321815273,0.25722662964635873,0.16025076747174052,0.263899564441642,4등급,4등급,3등급
KR5103225151,0.10681405046976081,0.25637960660966697,0.19150641121743922,0.35501542383067297,4등급,4등급,3등급
KR5103300392,0.09090747860898314,0.2240991833734998,0.11493451943073073,0.2298206024050339,4등급,4등급,3등급
KR5103306514,0.12433696834986362,0.31972246920734027,0.15674254391776116,0.3485505260146848,4등급,4등급,3등급
KR5103314153,0.12217163567810262,0.25785955898800567,0.1734473417359841,0.29889171996791963,4등급,4등급,3등급
KR5103360222,0.10043422392230596,0.2730117939331754,0.12408153581159602,0.2810335539959452,4등급,4등급,3등급
KR5103A32968,0.18969118343610253,0.4165913370421347,0.2248477704856501,0.4226346021645359,4등급,3등급,2등급
KR5103A32976,0.18934865158689584,0.4182461878703055,0.22317452588301023,0.42445137466305094,4등급,3등급,2등급
KR5104200484,0.09245179023682569,0.21293280417271265,0.158764483071507,0.26906713796916815,4등급,4등급,3등급
KR5104200617,0.0925919141189586,0.21234690594143096,0.1352065952799742,0.2802504947637706,4등급,4등급,3등급
KR5104300581,0.09259410809131569,0.21075974954839483,0.16914016086703965,0.26872422928532014,4등급,4등급,3등급
KR5104314749,0.12379888883212743,0.32884246912723153,0.15104952340554387,0.33293075630507746,4등급,4등급,3등급
KR5105302081,0.04706867682249944,0.1147961699735449,0.053812186975707416,0.1155345075986161,5등급,4등급,4등급
KR5105354769,0.09642548763868226,0.23963014342566627,0.11114678056612325,0.23824651137522465,4등급,4등급,3등급
KR5105359503,0.0916080456058031,0.24661506327184096,0.10080124974362668,0.21150597535906562,4등급,4등급,3등급
KR5105577344,0.12509558845532567,0.31848345151426966,0.13675404044057415,0.29347089480704236,4등급,4등급,3등급
KR5105695237,0.13372125646925057,0.3199693993490349,0.17526749769021616,0.3625679208508113,4등급,4등급,3등급
KR5105695245,0.13384706887912737,0.32148099954424025,0.1741318613096248,0.33760103116821494,4등급,4등급,3등급
KR5105695252,0.13390841898844447,0.3222297988374775,0.17340562716753907,0.3384298990916739,4등급,4등급,3등급
KR5105955326,0.11375131320225518,0.27712650050786763,0.13303915122067145,0.28023459127928224,4등급,4등급,3등급
KR5105955334,0.07106989055062721,0.12483844244638369,0.10624763219175587,0.2095541886277362,4등급,4등급,3등급
KR5105973212,0.10902227362404816,0.27713823963638184,0.09623634785828317,0.2581384513983477,4등급,4등급,3등급
KR5105973220,0.13377569156962862,0.2453185129959901,0.041985819524582774,0.11262971197581917,4등급,5등급,4등급
KR5105973246,0.09917931469170421,0.09213752850864788,0.1848948350641337,0.42402124910178407,4등급,4등급,2등급
KR5105973261,0.11399456896655079,0.2773577798446147,0.13313080803970093,0.2804536497372073,4등급,4등급,3등급
KR5105A92066,0.11119383157108507,0.24767044827488965,0.1297777127457119,0.25408878478898883,4등급,4등급,3등급
KR5105AJ0120,0.08777226938609535,0.19516318872667568,0.11894121566233483,0.22729852291631644,4등급,4등급,3등급
KR5105AJ0138,0.05441070277963724,0.11790214183849641,0.08568833593432833,0.153775682109509,4등급,4등급,4등급
KR5105AJ0146,0.05451997158103641,0.12015092168880794,0.08581863798683423,0.15604782668032682,4등급,4등급,4등급
KR5105AJ0153,0.05448598394380255,0.11959899737132494,0.08578523856072195,0.15550939711487502,4등급,4등급,4등급
KR5105AJ0179,0.05449447752007113,0.11980870694513848,0.0857985627761294,0.15572681977630914,4등급,4등급,4등급
KR5105AJ0187,0.036886618208756126,0.06995782196765857,0.036886618208756126,0.06995782196765857,5등급,5등급,4등급
KR5105AJ2837,0.11677595485087178,0.29170815809088124,0.08320666368897657,0.12589960260260968,4등급,4등급,4등급
KR5105AJ2845,0.05451490936578889,0.1201947286715819,0.08582542389858469,0.1561404922988559,4등급,4등급,4등급
KR5105AL9010,0.08707988038135817,0.19361673827087447,0.11747179957483515,0.22516772149495112,4등급,4등급,3등급
KR5105AL9028,0.08716118459412364,0.1948945746277565,0.11755614981841941,0.22660757881390534,4등급,4등급,3등급
KR5105AL9036,0.08714551493056534,0.19451661824647212,0.11752686150293445,0.22615085222376222,4등급,4등급,3등급
KR5105AP8570,0.12418023458841469,0.3281333636485356,0.13377147581996018,0.32059663494684043,4등급,4등급,3등급
KR5105AP8588,0.12426578806467284,0.32946726287427014,0.13340101454774747,0.3221715739523022,4등급,4등급,3등급
KR5105AP8596,0.1242511909851301,0.32908932318274653,0.13346284997513574,0.32169160908907585,4등급,4등급,3등급
KR5105AP8604,0.12422959856078838,0.32889713999215714,0.13349926936725814,0.32148403743619114,4등급,4등급,3등급
KR5105AQ9288,0.05448524372654947,0.11947838356337163,0.0858034446306001,0.15534552081920555,4등급,4등급,4등급
KR5105AQ9924,0.08711264256437383,0.19427000930807597,0.11751592672403668,0.22585953682474463,4등급,4등급,3등급
KR5107200432,0.08466233924458735,0.18391662022792785,0.1372531900002584,0.223024230978699,4등급,4등급,3등급
KR5107314514,0.11582365175948128,0.2842516457336768,0.18338026504673588,0.2891954063161166,4등급,4등급,3등급
KR5107AP4551,0.11600641646982952,0.28695259651117677,0.17120764261288687,0.29183320037457783,4등급,4등급,3등급
KR5107AP4569,0.11592671087694696,0.2857166547179021,0.17676541540605822,0.29062790338137134,4등급,4등급,3등급
KR5107AP9618,0.15173435892929074,0.38210269260042756,0.22198697829510078,0.3993924467650527,4등급,3등급,3등급
KR5107AP9626,0.15222863834664546,0.3837315997963672,0.2143740183056728,0.40099787453609714,4등급,3등급,2등급
KR5107AP9634,0.23779393280345287,0.5415386057706836,0.1775535253817471,0.3338113267330034,3등급,4등급,3등급
KR5107AP9642,0.15202861598209527,0.382920304080899,0.21836913464268734,0.40019579411025025,4등급,3등급,2등급
KR5107AP9659,0.10777027537879992,0.2375967042850014,0.18892097274257286,0.3371340089565527,4등급,4등급,3등급
KR5107AP9667,0.10786633883923454,0.23935977523237845,0.18088241742648362,0.33874193624801296,4등급,4등급,3등급
KR5107AP9683,0.10780133760577242,0.23840115495221326,0.1852656115926029,0.3378150229410508,4등급,4등급,3등급
KR5203318948,0.12513393403794612,0.2792735479480907,0.1448147919629415,0.2858027130470594,4등급,4등급,3등급
KR5203503291,0.18028906456580338,0.43442732166431003,0.2503440361465658,0.47832014964169894,4등급,3등급,2등급
KR5203556109,0.17951917407894322,0.43507448106323027,0.24789884417065527,0.4785640038047582,4등급,3등급,2등급
KR5203679018,0.11611965232198589,0.28870309946611056,0.13107088014859497,0.29131962137860584,4등급,4등급,3등급
KR5203A62344,0.18104928655348562,0.43896000553779063,0.25013474872201935,0.482920724715912,4등급,3등급,2등급
KR5203AP9835,0.17928614805775428,0.4325287984645911,0.23133447687928807,0.4678220392614956,4등급,3등급,2등급
KR5203AQ9032,0.17946929575916898,0.4344313861624411,0.22725343180495147,0.4700222158019501,4등급,3등급,2등급
KR5203AQ9040,0.17941374951569253,0.4338033928233914,0.22832868830485495,0.4693354738921334,4등급,3등급,2등급
KR5206329181,0.1498658909656149,0.37606109935036297,0.164895803500336,0.36460934594077904,4등급,4등급,3등급
KR5206522199,0.1505198250597532,0.3789418735203322,0.16429280374074612,0.36754898899117305,4등급,4등급,3등급
KR5206612644,0.15044033358953168,0.37881085928959485,0.16433513149681078,0.3674069674815527,4등급,4등급,3등급
KR5206739215,0.15017302476382463,0.37824366039222795,0.1643166716267696,0.3668443062097808,4등급,4등급,3등급
KR5206A92559,0.20775321215642517,0.46481035923945857,0.2280967695524018,0.4714884576590743,3등급,3등급,2등급
KR5206A92567,0.20102739139583178,0.4497977898101623,0.22520338588034186,0.46034778780982594,3등급,3등급,2등급
KR5206A92575,0.2011140786336435,0.4515957505548977,0.2251799071638567,0.462091853552868,3등급,3등급,2등급
KR5206A92583,0.2013178422277698,0.45248828153238113,0.2253205153352924,0.46294585061211224,3등급,3등급,2등급
KR5206A92591,0.20112371686925293,0.4516089757249703,0.22517415147476472,0.4621035413295818,3등급,3등급,2등급
KR5206A92617,0.20102503723508874,0.45095076167884285,0.22514675181352128,0.46147677752179145,3등급,3등급,2등급
KR5206A97962,0.20106397670546916,0.4511681102569697,0.22515040385611326,0.4616743076473492,3등급,3등급,2등급
KR5206AL7319,0.2011607478403087,0.4518119917698637,0.22520833052421235,0.4623116364479434,3등급,3등급,2등급
KR5206AP8719,0.11945067329782035,0.29984393682747973,0.13810893421694023,0.28158692059955753,4등급,4등급,3등급
KR5206AP8727,0.11899691881243477,0.30120384438839215,0.13707008524777717,0.2830453754293337,4등급,4등급,3등급
KR5206AP8735,0.11910711265497742,0.30058440188106,0.1374596379465855,0.2823719321079744,4등급,4등급,3등급
KR5206AQ7405,0.20104632553541207,0.4511298013593312,0.22514975818579047,0.4616510830457865,3등급,3등급,2등급
KR5206AR2009,0.11911106056359534,0.3005912677206811,0.1374627520710735,0.2823806112714283,4등급,4등급,3등급
KR5207AP7306,0.1731953468105313,0.4246471149138013,0.21679139985450321,0.44647464988242297,4등급,3등급,2등급
KR5207AP7314,0.17331421170491362,0.4263662632810272,0.21022170738015594,0.44832663769360437,4등급,3등급,2등급
KR5207AP7322,0.17328375956426004,0.425770995826098,0.21241617787169756,0.4476559320828702,4등급,3등급,2등급
KR5207AP7330,0.17325412025009018,0.42555349405256315,0.2133379793745061,0.44743303667443407,4등급,3등급,2등급
KR5209315518,0.12027347783718748,0.27403533280187375,0.14716276423372968,0.2851069682100971,4등급,4등급,3등급
KR5209464860,0.11688092407982446,0.27626262923072037,0.13959682288325495,0.27954085516348753,4등급,4등급,3등급
KR5209469786,0.11999023377571434,0.2784113794365604,0.14732051482090433,0.28795988292207153,4등급,4등급,3등급
KR5209523210,0.1066225102629172,0.26954716948129365,0.12390561247657003,0.2637839510887125,4등급,4등급,3등급
KR5209528151,0.08016862873099576,0.18856877465540292,0.08016862873099576,0.18856877465540292,4등급,4등급,4등급
KR5209778905,0.12708294406463766,0.3355329325328677,0.13034592245468438,0.3142081886400638,4등급,4등급,3등급
KR5209AP0960,0.11720347105300992,0.2780046733920252,0.13951979674697704,0.2813053822757334,4등급,4등급,3등급
KR5209AP0978,0.11700800894617713,0.2775734013892664,0.1394530591044685,0.2808817954348158,4등급,4등급,3등급
KR5209AP0986,0.11771350591191362,0.27868928700596385,0.1397364944525294,0.2820163200665438,4등급,4등급,3등급
KR5209AP0994,0.11717674452650503,0.2779187544120712,0.1395076531951268,0.28122235731507284,4등급,4등급,3등급
KR5209AV1119,0.11094724010320837,0.28731598615283277,0.12333818780623394,0.289051686657293,4등급,4등급,3등급
KR5209AV4659,0.12032260652928546,0.2935637953049959,0.13403347473031332,0.30722991676990735,4등급,4등급,3등급
KR5209AV4667,0.08152507267642663,0.19278678854043033,0.08152507267642663,0.19278678854043033,4등급,4등급,4등급
KR5209AV4683,0.19186918517972595,0.46649053360925624,0.138516743670154,0.28821394488366125,4등급,4등급,3등급
KR5209AV4691,0.11843411447264807,0.29542809521897767,0.13233815466962578,0.29819859749748434,4등급,4등급,3등급
KR5210898569,0.09660016477820359,0.19010080736799878,0.07058679112365375,0.14209855963326,4등급,4등급,4등급
KR5210943183,0.1382782930083177,0.3570085029226048,0.16329258451863565,0.34647259456128365,4등급,4등급,3등급
KR5210943191,0.13767264220169267,0.3585013608063745,0.16234651414858556,0.3482928488501382,4등급,4등급,3등급
KR5210943233,0.1376349511870896,0.35814763427995827,0.16213982628975193,0.34797746921827916,4등급,4등급,3등급
KR5210943241,0.1376822510773127,0.35895457032064215,0.16227757435822224,0.34877475795242124,4등급,4등급,3등급
KR5210A14704,0.14764332223177976,0.33751853954545646,0.11166950166730404,0.20981748787017093,4등급,4등급,3등급
KR5210A14712,0.1481004018010137,0.3400668298564352,0.11200322057168359,0.21089378872809875,4등급,4등급,3등급
KR5210A25056,0.17385339281189435,0.33531301523335943,0.1535721049202244,0.34130009325215677,4등급,4등급,3등급
KR5210A25064,0.173881132723894,0.3356223829930091,0.1482533727210404,0.3421307108573268,4등급,4등급,3등급
KR5210AG2261,0.12590945759714484,0.34826601937453544,0.14314181601395254,0.34147939134710376,4등급,4등급,3등급
KR5210AO5215,0.11752555241192768,0.28067248166174347,0.13729621778174267,0.27253725020802183,4등급,4등급,3등급
KR5210AO5223,0.11551443101564451,0.27746369700337326,0.13676078816106216,0.2730147709930117,4등급,4등급,3등급
KR5210AO5231,0.11400025191283047,0.2773123989039242,0.1366573061766017,0.2729186069756656,4등급,4등급,3등급
KR5210AO5249,0.11453278709764673,0.2782085692408733,0.13633549321753302,0.2736307594679624,4등급,4등급,3등급
KR5210AO5256,0.11509773989321449,0.27778858008022117,0.1367594779978569,0.27331842750981683,4등급,4등급,3등급
KR5210AP6956,0.08304801189354707,0.139598171301326,0.08304801189354707,0.139598171301326,4등급,4등급,4등급
KR5210AP8234,0.1372938602234722,0.3557550442308245,0.14938452405847621,0.3471520100158341,4등급,4등급,3등급
KR5210AP8242,0.1372607834253375,0.3544162950634301,0.149604404965201,0.34604532652222575,4등급,4등급,3등급
KR5210AQ1089,0.1271305323975033,0.2992730608820848,0.17156798255426645,0.32454803478339056,4등급,4등급,3등급
KR5210AQ1097,0.19216835735708793,0.3719161101851977,0.1874172744692742,0.3985909252098197,4등급,4등급,3등급
KR5210AQ1139,0.12702047162357724,0.300439003423271,0.17165520268615317,0.3255248817019981,4등급,4등급,3등급
KR5212533636,0.11769291626821721,0.30317652332216477,0.1493796742766231,0.3024078231175039,4등급,4등급,3등급
KR5219453549,0.09164965560628636,0.2549825446113844,0.10992417499138143,0.24253528904498275,4등급,4등급,3등급
KR5219770751,0.12394158177998042,0.3262471592906564,0.15814404064275644,0.33180228613639073,4등급,4등급,3등급
KR5219842014,0.1365947841761013,0.35289887522884855,0.15108543498890376,0.3447480427631174,4등급,4등급,3등급
KR5223533567,0.12312709894369425,0.3185002472689862,0.15269241027424416,0.30841494342704046,4등급,4등급,3등급
KR5223980545,0.11212139965370894,0.26179354478608574,0.2328620185544174,0.4387359772619991,4등급,3등급,2등급
KR5223980552,0.02844436884878176,0.06769339597923185,0.2311626902832394,0.4402469562010181,5등급,3등급,2등급
KR5223999347,0.11135987379314632,0.25936058213331836,0.23491393609971228,0.44403774955262304,4등급,3등급,2등급
KR5223999354,0.10846431177246835,0.2536473721194982,0.2350022536905046,0.44520819186639077,4등급,3등급,2등급
KR5223AL4158,0.1522625933583598,0.37057989258204493,0.17557731344946634,0.35655267741058494,4등급,4등급,3등급
KR5225564933,0.12453587349304136,0.3124741902830185,0.16049294911704065,0.37709069565414266,4등급,4등급,3등급
KR5225A88987,0.1720681838894437,0.4152378338384195,0.20375994729954933,0.40730752408060317,4등급,3등급,2등급
KR5225A88995,0.1657830602480154,0.4138487770183583,0.20271571003202513,0.40611003811483587,4등급,3등급,2등급
KR5225A89001,0.16449010177430862,0.41533996168831994,0.20067865458506748,0.4080869764054568,4등급,3등급,2등급
KR5225A89019,0.16499600099012757,0.4149582024258523,0.2010797516069333,0.4076028033701971,4등급,3등급,2등급
KR5225A89027,0.16493387833889062,0.4161626148084807,0.2007998858866393,0.40915455665416745,4등급,3등급,2등급
KR5225A89035,0.16465842719427268,0.41534568285770673,0.20073953864302813,0.4081493192173267,4등급,3등급,2등급
KR5225A89043,0.16516390318061758,0.4146363530059456,0.20118077968900755,0.4070882013066359,4등급,3등급,2등급
KR5225A89050,0.16520790189484502,0.41464245761444973,0.20136400232919785,0.40717335439138425,4등급,3등급,2등급
KR5225A89068,0.16011705142341598,0.39064946052217064,0.21932654864478116,0.39735288768822963,4등급,3등급,3등급
KR5225A89076,0.1581313347089728,0.3920964542522874,0.21323741938586188,0.3989064526749062,4등급,3등급,3등급
KR5225A89084,0.15880325047997554,0.3916334575829501,0.13838428522941043,0.3878906930536278,4등급,4등급,3등급
KR5225A89092,0.1572887470168363,0.3928373364827166,0.21028015977328035,0.399708439926276,4등급,3등급,3등급
KR5225A89100,0.15806393205659153,0.3921169695255168,0.21306488045927185,0.39893716302872995,4등급,3등급,3등급
KR5227538935,0.1263144590951618,0.326680279560576,0.15254028855713475,0.3568962633090193,4등급,4등급,3등급
KR5232297949,0.12312709544686992,0.3048413961914912,0.13862726387329022,0.29458933781303104,4등급,4등급,3등급
KR5232534549,0.11230946463220402,0.2755601883197572,0.12850940105330333,0.27510906429812293,4등급,4등급,3등급
KR5232AE6516,0.10694680588269408,0.25396837527232957,0.13795110416798526,0.3163186261666496,4등급,4등급,3등급
KR5232AE6524,0.10923718300667783,0.2596877450068473,0.13916394074628266,0.3231273839540295,4등급,4등급,3등급
KR5232AE6532,0.11444343916992918,0.27220492932153606,0.1417248650332406,0.33415830934472923,4등급,4등급,3등급
KR5232AE6540,0.107267217702586,0.2552382436633216,0.1375012173811042,0.3181230846609876,4등급,4등급,3등급
KR5232AE6557,0.107352865596518,0.25564405976287496,0.13709131818443518,0.3181092712385999,4등급,4등급,3등급
KR5232AP8055,0.1302148625101863,0.3019156607596117,0.14024626626147504,0.2954441849776377,4등급,4등급,3등급
KR5232AP8063,0.12645270803943862,0.2932460590182508,0.13728152696259363,0.28662044092977174,4등급,4등급,3등급
KR5232AP8071,0.12617786344167783,0.2951141709149152,0.13470396811942656,0.2881360975427594,4등급,4등급,3등급
KR5232AP8089,0.12619141057190553,0.2943366036666886,0.13527512486258636,0.2874830203838727,4등급,4등급,3등급
KR5232AR8517,0.12614857919830202,0.29452401208029516,0.13478062622869122,0.2876729864373011,4등급,4등급,3등급
KR5232AV4767,0.165747373518368,0.36660842015841194,0.18570623558397353,0.3939912387182246,4등급,4등급,3등급
KR5232AV4775,0.16509161298637817,0.3683102820600399,0.18415535826620055,0.37703924922759635,4등급,4등급,3등급
KR5232AV4783,0.16555242923484767,0.3678731701681935,0.18429362602652793,0.3765755537103286,4등급,4등급,3등급
KR5232AV4791,0.16475335687916476,0.3691725301582566,0.18394971615754052,0.3778920266674307,4등급,4등급,3등급
KR5232AV4809,0.16526146327525248,0.36826367192515747,0.1840228663256053,0.3769810099742218,4등급,4등급,3등급
KR5232AV4817,0.2048384311332908,0.2772979331105138,0.09117190808382013,0.20865229552019363,3등급,4등급,3등급
KR5232AV4825,0.16474681975268438,0.3677407599106985,0.1840107391583269,0.37645381242468395,4등급,4등급,3등급
KR5232AV9485,0.1649176714060415,0.3680969966543703,0.18434047004858242,0.37681619052004395,4등급,4등급,3등급
KR5232AV9493,0.16467490014498562,0.368087759195821,0.1844524028896352,0.3767851592436246,4등급,4등급,3등급
KR5234564270,0.1078115016506843,0.2694244957252036,0.12106599007583124,0.2765262960509403,4등급,4등급,3등급
KR5234682189,0.10501430075737248,0.26413040648725206,0.11414211510095962,0.23446597262855018,4등급,4등급,3등급
KR5234A26724,0.36589193036305945,0.781591306098073,0.2784186560455608,0.5341535729280937,3등급,3등급,2등급
KR5234A26732,0.3662979386208282,0.7835369456772765,0.27917220946105614,0.5356782928427408,3등급,3등급,2등급
KR5234A26740,0.3665124726257808,0.7845019456911924,0.27932710860434834,0.5365158688136192,3등급,3등급,2등급
KR5234AA2400,0.1445894163721147,0.32543532252977425,0.1538040635513086,0.32263521438501064,4등급,4등급,3등급
KR5234AA2418,0.14469564602987312,0.3281995577831198,0.15368387758519883,0.32524548487738253,4등급,4등급,3등급
KR5234AA2426,0.14463148381760632,0.3273304654302287,0.15364532191522742,0.32440757668978865,4등급,4등급,3등급
KR5236AQ2350,0.0775988199731536,0.07958176098345822,0.1426805717693364,0.23748845230203758,4등급,4등급,3등급
KR5236AQ2749,0.0776442238369109,0.08117157639983083,0.14291778104092046,0.23919343855227515,4등급,4등급,3등급
KR5236AQ2756,0.07762844775964928,0.08079870945100454,0.1428604314152383,0.2387728788411968,4등급,4등급,3등급
KR5236AQ2764,0.0776649804444284,0.08181878964943055,0.143006669087964,0.2398893301306407,4등급,4등급,3등급
KR5236AQ2772,0.07763392652783929,0.08111900089305712,0.14290480132663994,0.23908718847223528,4등급,4등급,3등급
KR5239A19041,0.24089571010688296,0.6204225504793581,0.2603564310976828,0.5408793190854811,3등급,3등급,2등급
KR5239A19058,0.12521833863840764,0.20881476173628943,0.2495103910826796,0.3657330085200883,4등급,3등급,3등급
KR5240A02649,0.34602574670551345,0.8082443957545019,0.26530470233222786,0.42318394438652046,3등급,3등급,2등급
KR5240AQ1547,0.10223665929352492,0.24531298598515072,0.1412492797142996,0.2978922677758914,4등급,4등급,3등급
KR5240AQ1554,0.10186682629587279,0.24647054553906544,0.13761494422908885,0.28681085133340645,4등급,4등급,3등급
KR5240AQ1562,0.1018519959398881,0.2460697374817741,0.13931257195845245,0.28633149322582707,4등급,4등급,3등급
KR5301505404,0.09831623769648105,0.25064409290993783,0.14656365621719405,0.29146341277922594,4등급,4등급,3등급
KR5301519165,0.13496168533174122,0.3382815513146455,0.1786875543492196,0.3468823269634624,4등급,4등급,3등급
KR5301519629,0.11206985666308429,0.2927629662540644,0.14627448960682699,0.2975014080179019,4등급,4등급,3등급
KR5301551069,0.12530806892014687,0.31772736630056575,0.1468214561695031,0.3394487413679201,4등급,4등급,3등급
KR5301563247,0.1293333054030422,0.336831660315303,0.15328457998628384,0.36639954406710185,4등급,4등급,3등급
KR5301643080,0.13577854464764694,0.34023746935364113,0.15940439923585367,0.3353585130997705,4등급,4등급,3등급
KR5301643098,0.1359247366902802,0.342214589872374,0.1595371340243857,0.3371514898722126,4등급,4등급,3등급
KR5301643106,0.11216609893443853,0.29353162265674987,0.1291969784549212,0.2770077405339293,4등급,4등급,3등급
KR5301643114,0.11228206422649589,0.2949179560288397,0.1290572717888905,0.2786447394818027,4등급,4등급,3등급
KR5301A31531,0.13692359313303248,0.34271281229357525,0.2065034740861415,0.35214928872937706,4등급,3등급,3등급
KR5301AG6577,0.09007842714143911,0.22476126366333435,0.12893099315994835,0.23269421865090378,4등급,4등급,3등급
KR5301AG6585,0.0916097298265729,0.23058986249869157,0.10656934497388829,0.23000551775494824,4등급,4등급,3등급
KR5301AG6593,0.0915196362136653,0.22948403669164805,0.10648374567916018,0.2293113551724479,4등급,4등급,3등급
KR5301AG6601,0.09171716865385615,0.2320637873329119,0.10667516536768293,0.23096920063379958,4등급,4등급,3등급
KR5301AK5979,0.1646776877296428,0.4136564657616779,0.2354473634472179,0.41933864657759945,4등급,3등급,2등급
KR5301AK5987,0.1649309639684879,0.415991990245121,0.22292866499907038,0.4218154410503471,4등급,3등급,2등급
KR5301AK5995,0.1648389652984098,0.41521038336098737,0.2268201298787292,0.42100399166790936,4등급,3등급,2등급
KR5301AP0470,0.16337333450965352,0.4126108549706744,0.2084567163028929,0.4183903189589144,4등급,3등급,2등급
KR5301AQ0321,0.16458952572994764,0.4139431913415158,0.21139101382306313,0.4196202231814494,4등급,3등급,2등급
KR5301AQ0339,0.16495013216768278,0.41551294768199454,0.20687969108839221,0.42118004497147926,4등급,3등급,2등급
KR5301AQ0347,0.16487710389636567,0.4147859043201307,0.20883559472063398,0.4204550729343029,4등급,3등급,2등급
KR5301AQ0529,0.16760072369231815,0.40348208190648843,0.18275233060103302,0.4267915065416412,4등급,4등급,2등급
KR5301AQ0537,0.16772607490322744,0.40521261810578846,0.1762507463100147,0.42849420164500585,4등급,4등급,2등급
KR5301AQ0545,0.16767643817275119,0.40446157119896453,0.17891380857146913,0.4277596589929671,4등급,4등급,2등급
KR5301AQ6641,0.1649374507835511,0.4149962165990249,0.20124351848620828,0.40760120837526537,4등급,3등급,2등급
KR5301AT2035,0.16483605054135714,0.4150663485308629,0.2276302163307875,0.4208289856009025,4등급,3등급,2등급
KR5301AW7476,0.08963456690355787,0.2258854416461349,0.1123995907360619,0.2337320679924931,4등급,4등급,3등급
KR5301AW7849,0.1648169820032623,0.4140568789602786,0.21907973377694426,0.41969754598338743,4등급,3등급,2등급
KR5301AW7856,0.1649821021464099,0.41557656189189757,0.21294579556553042,0.42131000516207306,4등급,3등급,2등급
KR5301AW7864,0.16494344252545012,0.4152187845287366,0.21450219133603082,0.4209096872331919,4등급,3등급,2등급
KR5301AW7872,0.41947386040146517,1.0244713733306323,0.24674978891648303,0.4476199908656721,2등급,3등급,2등급
KR5301AX0793,0.09149054058604006,0.22905001380053688,0.10646796183028344,0.22901370291935513,4등급,4등급,3등급
KR5303464907,0.12029764348161012,0.3021290355018997,0.13817797463232065,0.28351220489002116,4등급,4등급,3등급
KR5303529386,0.12558107530955825,0.3129371336911115,0.141465497824859,0.2902493286272702,4등급,4등급,3등급
KR5303873792,0.12125548189394136,0.3043703825563008,0.13825334569199974,0.2855808551672823,4등급,4등급,3등급
KR5303873800,0.12129430805795346,0.3048798527990787,0.1383454207183052,0.2860859441424916,4등급,4등급,3등급
KR5303972594,0.12128729429345492,0.3047345402483565,0.13051036599508675,0.28175234728624554,4등급,4등급,3등급
KR5303972602,0.13131411228705397,0.2569599174557643,0.18064336989827398,0.28581210673471336,4등급,4등급,3등급
KR5303972610,0.12053403753544668,0.25530570998107927,0.09894311160142837,0.1946894629877253,4등급,4등급,4등급
KR5303972628,0.12124107390023094,0.3042480501693114,0.13824249154947849,0.2854591228942523,4등급,4등급,3등급
KR5303AP4488,0.12571461377103385,0.31484394310145614,0.1416075108952075,0.2921538296858358,4등급,4등급,3등급
KR5303AP4496,0.12567416210811738,0.3143097741463784,0.14149187043127115,0.2916388883400719,4등급,4등급,3등급
KR5303AP4504,0.12567120582772676,0.3143277285152967,0.14148844658944182,0.2916068274884793,4등급,4등급,3등급
KR5303AP5238,0.12117200163981263,0.30374153706828055,0.13886851221274094,0.28488656284299657,4등급,4등급,3등급
KR5303AP5246,0.07511812786825965,0.1397694540430747,0.07511812786825965,0.1397694540430747,4등급,4등급,4등급
KR5305AU0727,0.20572144224357589,0.46945899783004036,0.21668349894603506,0.4733298056524161,3등급,3등급,2등급
KR5305AU1212,0.2069012881956803,0.47197699425649436,0.2164395422804094,0.47569645253506554,3등급,3등급,2등급
KR5305AU1220,0.2061050886868638,0.47141730628106104,0.2164380782543691,0.4751909053327998,3등급,3등급,2등급
KR5305AU1238,0.20700937635816186,0.4727309856462557,0.2165227347586789,0.4764226465153994,3등급,3등급,2등급
KR5305AU1246,0.2062965827149805,0.4719059262266428,0.21633079062696559,0.47563566857885914,3등급,3등급,2등급
KR5305AU1253,0.3259490767814238,0.7421771933070873,0.2175383654580427,0.4308515931268964,3등급,3등급,2등급
KR5305AU1279,0.20621919678583467,0.4713365546236914,0.21630477332775372,0.47509772423735874,3등급,3등급,2등급
KR5306781786,0.26060501447005807,0.69335299298018,0.2677827824210964,0.6181076207219254,3등급,3등급,1등급
KR5306781794,0.2598406496081437,0.6955729278032801,0.2671761956297648,0.6199316761553277,3등급,3등급,1등급
KR5306781810,0.25964113848100234,0.6958332241428697,0.26732492378072825,0.6201527359751104,3등급,3등급,1등급
KR5306781976,0.4429153809101702,1.168856315893,0.27990922648904,0.46531304715463395,2등급,3등급,2등급
KR5306792254,0.2612187128103215,0.6949220248315612,0.2658536616558035,0.6199189516460419,3등급,3등급,1등급
KR5306792262,0.2602936558283383,0.6967938561720635,0.2663865751325143,0.6214124245526499,3등급,3등급,1등급
KR5306792270,0.3191324088747414,0.7797227247610425,0.28434375926024597,0.7269432862895604,3등급,3등급,1등급
KR5306792288,0.2601637725244264,0.6970226167944643,0.2661161288713911,0.621585380076006,3등급,3등급,1등급
KR5306951611,0.2700120357524132,0.6385345174649028,0.3214657334801678,0.6308572502771745,3등급,3등급,1등급
KR5306951835,0.24381804471698515,0.5200796595366103,0.27500078031657577,0.7026873891405837,3등급,3등급,1등급
KR5306951850,0.2654876353568648,0.6415900282108797,0.29653682256074726,0.6300808234664173,3등급,3등급,1등급
KR5306951884,0.26007101143095207,0.6971615711615039,0.26604037739943065,0.6217030517724963,3등급,3등급,1등급
KR5306AG2027,0.2597117216019287,0.6964874436145904,0.26736244876525184,0.6205172510293168,3등급,3등급,1등급
KR5306AH1929,0.161260292126369,0.4256607464730546,0.17338501948960164,0.4121795416004959,4등급,4등급,2등급
KR5306AH5995,0.15925940526677787,0.42861707871937144,0.17326284918165138,0.41488118536161744,4등급,4등급,2등급
KR5306AP7942,0.2602819168458822,0.6967879175114549,0.2714576720946895,0.6213975147683093,3등급,3등급,1등급
KR5311AV9653,0.18902496095931182,0.4174551037531186,0.14144503847326861,0.3288095654617005,4등급,4등급,3등급
KR5311AV9661,0.23877771733433073,0.5597564977141475,0.14341902390010494,0.3000834606591202,3등급,4등급,3등급
KR5311AV9679,0.18244060465253004,0.41877850815914786,0.13743362598410397,0.3009109688573006,4등급,4등급,3등급
KR5311AV9687,0.18376771505770992,0.4194238153905479,0.13819894690550502,0.3014682844215247,4등급,4등급,3등급
KR5311AV9695,0.18241609689215305,0.4190556481839321,0.13743376788995385,0.3011991841401844,4등급,4등급,3등급
KR5311AV9703,0.19457336500203123,0.43846438020667317,0.14057292204576108,0.3102984214689608,4등급,4등급,3등급
KR5311AV9711,0.20252156735356108,0.46971522020374695,0.14124179640565993,0.3185363106957857,3등급,4등급,3등급
KR5311AV9737,0.18276614770670938,0.41898493387392427,0.13760701382405977,0.30104649094986674,4등급,4등급,3등급
KR5363A64029,0.06407342201322554,0.04491603319698113,0.06407342201322554,0.04491603319698113,4등급,4등급,5등급
KR5365156268,0.11072827849341164,0.27972788673550913,0.18539547165311784,0.28815576287573913,4등급,4등급,3등급
KR5365156276,0.11082885354461258,0.28096759701988583,0.1701335383222077,0.28946199004707723,4등급,4등급,3등급
KR5365156284,0.11089903173108032,0.2818430739100666,0.15987836805482028,0.29034442992958587,4등급,4등급,3등급
KR5365AR4564,0.11082858853876802,0.28090075360324573,0.17099889334046553,0.28937522543020716,4등급,4등급,3등급
KR5365AS5057,0.11083634274768388,0.281143296731978,0.16822969653078299,0.2896190523022783,4등급,4등급,3등급
KR5365AX1695,0.15192142933742658,0.3800543298391107,0.20445988503867754,0.43912626137193567,4등급,3등급,2등급
KR5365AX1729,0.15211048150023454,0.3817604533263273,0.19872658057546677,0.4411818204777314,4등급,4등급,2등급
KR5365AX1786,0.1521598547434431,0.3820115015431848,0.19255279528819172,0.41803718975451326,4등급,4등급,2등급
KR5373144975,0.11255916796492071,0.11303556938294669,0.14245927425763338,0.3009161490472849,4등급,4등급,3등급
KR5373145006,0.11253490444516338,0.1129605898264225,0.1424853651932283,0.3005652928641686,4등급,4등급,3등급
KR5373145436,0.11121732824134764,0.27922800010225185,0.16963931155368073,0.2894586916136811,4등급,4등급,3등급
KR5373149214,0.11132261320422161,0.28056601192696096,0.1614509683173766,0.29090911744783937,4등급,4등급,3등급
KR5373149222,0.1113594078183767,0.2810968780708778,0.15837151291975804,0.29138935651858905,4등급,4등급,3등급
KR5373150170,0.11251900730364295,0.11473182360187494,0.14272069767071505,0.3031391820608762,4등급,4등급,3등급
KR5373AE3868,0.4337430343312534,1.0353253314330657,0.22090220313546138,0.34419533665574964,2등급,3등급,3등급
KR5373AE3876,0.4187538059770042,1.001836582777086,0.21090497833671396,0.3269480444632471,2등급,3등급,3등급
KR5373AE3884,0.37521301292834036,0.8951816332736948,0.19740002361197698,0.3288143615313845,3등급,4등급,3등급
KR5373AE3900,0.5446699252107843,1.2576520069706334,0.20653597255963632,0.3433566216356626,2등급,3등급,3등급
KR5373AE3918,0.0725355229906145,0.13781110756271694,0.0725355229906145,0.13781110756271694,4등급,4등급,4등급
KR5373AG1605,0.42741456980893844,1.0204393272590881,0.21255792700003595,0.3084876085011848,2등급,3등급,3등급
KR5373AO7693,0.11125720925697066,0.27986915674136864,0.16785403112712116,0.2461906900195255,4등급,4등급,3등급
KR5391AQ0314,0.22476590167560132,0.5400814270752722,0.23748579895745012,0.5173133224986473,3등급,3등급,2등급
KR5391AQ2542,0.1251084480944311,0.3141136762704502,0.1527049674088462,0.32687454826114853,4등급,4등급,3등급
KR5391AQ8911,0.22522745504852798,0.5419055483766967,0.23741903302390227,0.519640476351096,3등급,3등급,2등급
KR5391AQ8929,0.22515927387035045,0.541410189833948,0.2373216694739752,0.5189887653661069,3등급,3등급,2등급
KR5391AQ8937,0.08875962117021097,0.17431094068737438,0.08875962117021097,0.17431094068737438,4등급,4등급,4등급
KR5391AQ8945,0.12448675010130239,0.31518632093067805,0.15025159067112154,0.32805542964256384,4등급,4등급,3등급
KRM301972761,0.1646951101133442,0.41436169588493177,0.2360715081687803,0.42022410528418674,4등급,3등급,2등급
KRM301972803,0.09952597441781146,0.190639929241174,0.09952597441781146,0.190639929241174,4등급,4등급,4등급
KRM301972811,0.16498316622533052,0.4169550969478565,0.2230103905406837,0.42297184718801184,4등급,3등급,2등급
KRM302371419,0.12508453129437364,0.2957974108869716,0.21947118994821774,0.31963187372492735,4등급,3등급,3등급
KRM302873075,0.12541913461063026,0.2990650872889553,0.20541145303229844,0.32226185149689035,4등급,3등급,3등급
KRM302873083,0.12524181027571002,0.2999714043830059,0.16332494501861786,0.3014100278214787,4등급,4등급,3등급
KRM302966531,0.12372736817803065,0.2976562303764676,0.1570957490661826,0.2964156423442916,4등급,4등급,3등급
KRM302966549,0.09713257152031934,0.1650762896178131,0.17556222991849155,0.29944942894072085,4등급,4등급,3등급
KRM302966556,0.15023323033012168,0.26476296614253414,0.24238536663721588,0.41851746459651834,4등급,3등급,2등급
KRM302966564,0.12541593992508002,0.2992584622451583,0.20520441260896996,0.32227968264263335,4등급,3등급,3등급
KRM302AK2489,0.10507498096515913,0.18983561099489318,0.10507498096515913,0.18983561099489318,4등급,4등급,4등급
KRM302AP1270,0.12528726792309453,0.2979108231422265,0.21027839862094347,0.3212558662984187,4등급,3등급,3등급
KRM306317160,0.25932261432646514,0.6922629694552153,0.2968348379959871,0.7165436180525162,3등급,3등급,1등급
KRM306662813,0.2511214633134503,0.6727206923124299,0.28257993515559876,0.6954483112583438,3등급,3등급,1등급
KRM306797718,0.25100784271013243,0.6714341956552136,0.2840072809496177,0.6941581737557123,3등급,3등급,1등급
KRM306797726,0.2517853329794578,0.6692881478877272,0.28582195150014694,0.6920730506245082,3등급,3등급,1등급
